create table UserConnection (userId varchar(255) not null,
	providerId varchar(255) not null,
	providerUserId varchar(255),
	rank int not null,
	displayName varchar(255),
	profileUrl varchar(512),
	imageUrl varchar(512),
	accessToken varchar(255) not null,
	secret varchar(255),
	refreshToken varchar(255),
	expireTime bigint,
	primary key (userId, providerId, providerUserId));
create unique index UserConnectionRank on UserConnection(userId, providerId, rank);

INSERT INTO `singuia`.`work_areas` (`id`,`created_at`,`description`,`is_enabled`,`code`,`updated_at`) VALUES (1,curdate(),'Gasista',true,'GAS',null);
INSERT INTO `singuia`.`work_areas` (`id`,`created_at`,`description`,`is_enabled`,`code`,`updated_at`) VALUES (2,curdate(),'Pintor',true,'PIN',null);
INSERT INTO `singuia`.`work_areas` (`id`,`created_at`,`description`,`is_enabled`,`code`,`updated_at`) VALUES (3,curdate(),'Plomero',true,'PLO',null);
INSERT INTO `singuia`.`work_areas` (`id`,`created_at`,`description`,`is_enabled`,`code`,`updated_at`) VALUES (4,curdate(),'Electricista',true,'ELE',null);
INSERT INTO `singuia`.`work_areas` (`id`,`created_at`,`description`,`is_enabled`,`code`,`updated_at`) VALUES (5,curdate(),'Cerrajero',true,'CER',null);
INSERT INTO `singuia`.`work_areas` (`id`,`created_at`,`description`,`is_enabled`,`code`,`updated_at`) VALUES (6,curdate(),'Albañil',true,'ALB',null);
INSERT INTO `singuia`.`work_areas` (`id`,`created_at`,`description`,`is_enabled`,`code`,`updated_at`) VALUES (7,curdate(),'Flete',false,'FLE',null);
INSERT INTO `singuia`.`work_areas` (`id`,`created_at`,`description`,`is_enabled`,`code`,`updated_at`) VALUES (8,curdate(),'Service Aire Acondicionado',true,'SAA',null);
INSERT INTO `singuia`.`work_areas` (`id`,`created_at`,`description`,`is_enabled`,`code`,`updated_at`) VALUES (9,curdate(),'Service Linea Blanca',true,'SLB',null);
INSERT INTO `singuia`.`work_areas` (`id`,`created_at`,`description`,`is_enabled`,`code`,`updated_at`) VALUES (10,curdate(),'Service Reparacion PC',true,'SRP',null);

INSERT INTO `work_area_items` (`id`,`code`,`created_at`,`description`,`group_type`,`is_enabled`,`updated_at`,`work_area_id`) VALUES (1,'W1RPER','2014-09-27 00:00:00','Revisar una perdida de gas','WORK',1,NULL,1);
INSERT INTO `work_area_items` (`id`,`code`,`created_at`,`description`,`group_type`,`is_enabled`,`updated_at`,`work_area_id`) VALUES (2,'W1HRES','2014-09-27 00:00:00','Habilitar residencia','WORK',1,NULL,1);
INSERT INTO `work_area_items` (`id`,`code`,`created_at`,`description`,`group_type`,`is_enabled`,`updated_at`,`work_area_id`) VALUES (3,'W1HINS','2014-09-27 00:00:00','Hacer una instalación','WORK',1,NULL,1);
INSERT INTO `work_area_items` (`id`,`code`,`created_at`,`description`,`group_type`,`is_enabled`,`updated_at`,`work_area_id`) VALUES (4,'W1HSER','2014-09-27 00:00:00','Hacer un service','WORK',1,NULL,1);
INSERT INTO `work_area_items` (`id`,`code`,`created_at`,`description`,`group_type`,`is_enabled`,`updated_at`,`work_area_id`) VALUES (5,'W1ROTR','2014-09-27 00:00:00','Realizar otro trabajo','WORK',1,NULL,1);
INSERT INTO `work_area_items` (`id`,`code`,`created_at`,`description`,`group_type`,`is_enabled`,`updated_at`,`work_area_id`) VALUES (6,'A1CALE','2014-09-27 00:00:00','Calefon','ARTIFACT',1,NULL,1);
INSERT INTO `work_area_items` (`id`,`code`,`created_at`,`description`,`group_type`,`is_enabled`,`updated_at`,`work_area_id`) VALUES (7,'A1TERMO','2014-09-27 00:00:00','Termotanque','ARTIFACT',1,NULL,1);
INSERT INTO `work_area_items` (`id`,`code`,`created_at`,`description`,`group_type`,`is_enabled`,`updated_at`,`work_area_id`) VALUES (8,'A1COHO','2014-09-27 00:00:00','Cocina/Horno','ARTIFACT',1,NULL,1);
INSERT INTO `work_area_items` (`id`,`code`,`created_at`,`description`,`group_type`,`is_enabled`,`updated_at`,`work_area_id`) VALUES (9,'A1LORA','2014-09-27 00:00:00','Losa Radiante','ARTIFACT',1,NULL,1);
INSERT INTO `work_area_items` (`id`,`code`,`created_at`,`description`,`group_type`,`is_enabled`,`updated_at`,`work_area_id`) VALUES (10,'A1ESTU','2014-09-27 00:00:00','Estufa','ARTIFACT',1,NULL,1);
INSERT INTO `work_area_items` (`id`,`code`,`created_at`,`description`,`group_type`,`is_enabled`,`updated_at`,`work_area_id`) VALUES (11,'A1OTRO','2014-09-27 00:00:00','Otro','ARTIFACT',1,NULL,1);
INSERT INTO `work_area_items` (`id`,`code`,`created_at`,`description`,`group_type`,`is_enabled`,`updated_at`,`work_area_id`) VALUES (12,'P1CASA','2014-09-27 00:00:00','Casa','PROPERTY',1,NULL,1);
INSERT INTO `work_area_items` (`id`,`code`,`created_at`,`description`,`group_type`,`is_enabled`,`updated_at`,`work_area_id`) VALUES (13,'P1DEPAR','2014-09-27 00:00:00','Departamento','PROPERTY',1,NULL,1);
INSERT INTO `work_area_items` (`id`,`code`,`created_at`,`description`,`group_type`,`is_enabled`,`updated_at`,`work_area_id`) VALUES (14,'W2PINT','2014-09-27 00:00:00','Pintura de interior','WORK',1,NULL,2);
INSERT INTO `work_area_items` (`id`,`code`,`created_at`,`description`,`group_type`,`is_enabled`,`updated_at`,`work_area_id`) VALUES (15,'W2PEXT','2014-09-27 00:00:00','Pintura de exterior','WORK',1,NULL,2);
INSERT INTO `work_area_items` (`id`,`code`,`created_at`,`description`,`group_type`,`is_enabled`,`updated_at`,`work_area_id`) VALUES (16,'W2PTEC','2014-09-27 00:00:00','Pintura de techo','WORK',1,NULL,2);
INSERT INTO `work_area_items` (`id`,`code`,`created_at`,`description`,`group_type`,`is_enabled`,`updated_at`,`work_area_id`) VALUES (17,'W2PABE','2014-09-27 00:00:00','Pintura de aberturas','WORK',1,NULL,2);
INSERT INTO `work_area_items` (`id`,`code`,`created_at`,`description`,`group_type`,`is_enabled`,`updated_at`,`work_area_id`) VALUES (18,'W2LIEN','2014-09-27 00:00:00','Lijado y enduido','WORK',1,NULL,2);
INSERT INTO `work_area_items` (`id`,`code`,`created_at`,`description`,`group_type`,`is_enabled`,`updated_at`,`work_area_id`) VALUES (19,'W2REVO','2014-09-27 00:00:00','Revoque','WORK',1,NULL,2);
INSERT INTO `work_area_items` (`id`,`code`,`created_at`,`description`,`group_type`,`is_enabled`,`updated_at`,`work_area_id`) VALUES (20,'W2ROTR','2014-09-27 00:00:00','Realizar otro trabajo','WORK',1,NULL,2);
INSERT INTO `work_area_items` (`id`,`code`,`created_at`,`description`,`group_type`,`is_enabled`,`updated_at`,`work_area_id`) VALUES (21,'P2CASA','2014-09-27 00:00:00','Casa','PROPERTY',1,NULL,2);
INSERT INTO `work_area_items` (`id`,`code`,`created_at`,`description`,`group_type`,`is_enabled`,`updated_at`,`work_area_id`) VALUES (22,'P2DEPA','2014-09-27 00:00:00','Departamento','PROPERTY',1,NULL,2);
INSERT INTO `work_area_items` (`id`,`code`,`created_at`,`description`,`group_type`,`is_enabled`,`updated_at`,`work_area_id`) VALUES (23,'W3ARRE','2014-09-27 00:00:00','Arreglar','WORK',1,NULL,3);
INSERT INTO `work_area_items` (`id`,`code`,`created_at`,`description`,`group_type`,`is_enabled`,`updated_at`,`work_area_id`) VALUES (24,'W3SUST','2014-09-27 00:00:00','Sustituir','WORK',1,NULL,3);
INSERT INTO `work_area_items` (`id`,`code`,`created_at`,`description`,`group_type`,`is_enabled`,`updated_at`,`work_area_id`) VALUES (25,'W3INST','2014-09-27 00:00:00','Instalar','WORK',1,NULL,3);
INSERT INTO `work_area_items` (`id`,`code`,`created_at`,`description`,`group_type`,`is_enabled`,`updated_at`,`work_area_id`) VALUES (26,'W3ROTR','2014-09-27 00:00:00','Realizar otro trabajo','WORK',1,NULL,3);
INSERT INTO `work_area_items` (`id`,`code`,`created_at`,`description`,`group_type`,`is_enabled`,`updated_at`,`work_area_id`) VALUES (27,'P3ETAP','2014-09-27 00:00:00','Esta tapado','PROBLEM',1,NULL,3);
INSERT INTO `work_area_items` (`id`,`code`,`created_at`,`description`,`group_type`,`is_enabled`,`updated_at`,`work_area_id`) VALUES (28,'P3PAGU','2014-09-27 00:00:00','Pierde agua','PROBLEM',1,NULL,3);
INSERT INTO `work_area_items` (`id`,`code`,`created_at`,`description`,`group_type`,`is_enabled`,`updated_at`,`work_area_id`) VALUES (29,'P3NSAC','2014-09-27 00:00:00','No sale agua caliente','PROBLEM',1,NULL,3);
INSERT INTO `work_area_items` (`id`,`code`,`created_at`,`description`,`group_type`,`is_enabled`,`updated_at`,`work_area_id`) VALUES (30,'P3POPR','2014-09-27 00:00:00','Poca presion','PROBLEM',1,NULL,3);
INSERT INTO `work_area_items` (`id`,`code`,`created_at`,`description`,`group_type`,`is_enabled`,`updated_at`,`work_area_id`) VALUES (31,'P3OTRO','2014-09-27 00:00:00','Otro','PROBLEM',1,NULL,3);
INSERT INTO `work_area_items` (`id`,`code`,`created_at`,`description`,`group_type`,`is_enabled`,`updated_at`,`work_area_id`) VALUES (32,'A3INOD','2014-09-27 00:00:00','Inodoro','ARTIFACT',1,NULL,3);
INSERT INTO `work_area_items` (`id`,`code`,`created_at`,`description`,`group_type`,`is_enabled`,`updated_at`,`work_area_id`) VALUES (33,'A3DUBA','2014-09-27 00:00:00','Ducha/Bañera','ARTIFACT',1,NULL,3);
INSERT INTO `work_area_items` (`id`,`code`,`created_at`,`description`,`group_type`,`is_enabled`,`updated_at`,`work_area_id`) VALUES (34,'A3LABA','2014-09-27 00:00:00','Lavatorio/Bacha','ARTIFACT',1,NULL,3);
INSERT INTO `work_area_items` (`id`,`code`,`created_at`,`description`,`group_type`,`is_enabled`,`updated_at`,`work_area_id`) VALUES (35,'A3BIDE','2014-09-27 00:00:00','Bidet','ARTIFACT',1,NULL,3);
INSERT INTO `work_area_items` (`id`,`code`,`created_at`,`description`,`group_type`,`is_enabled`,`updated_at`,`work_area_id`) VALUES (36,'A3CANI','2014-09-27 00:00:00','Canilla','ARTIFACT',1,NULL,3);
INSERT INTO `work_area_items` (`id`,`code`,`created_at`,`description`,`group_type`,`is_enabled`,`updated_at`,`work_area_id`) VALUES (37,'A3LARO','2014-09-27 00:00:00','Lavarropa','ARTIFACT',1,NULL,3);
INSERT INTO `work_area_items` (`id`,`code`,`created_at`,`description`,`group_type`,`is_enabled`,`updated_at`,`work_area_id`) VALUES (38,'A3LAJI','2014-09-27 00:00:00','Lavavajilla','ARTIFACT',1,NULL,3);
INSERT INTO `work_area_items` (`id`,`code`,`created_at`,`description`,`group_type`,`is_enabled`,`updated_at`,`work_area_id`) VALUES (39,'A3CANE','2014-09-27 00:00:00','Cañeria','ARTIFACT',1,NULL,3);
INSERT INTO `work_area_items` (`id`,`code`,`created_at`,`description`,`group_type`,`is_enabled`,`updated_at`,`work_area_id`) VALUES (40,'A3OTRO','2014-09-27 00:00:00','Otro','ARTIFACT',1,NULL,3);
INSERT INTO `work_area_items` (`id`,`code`,`created_at`,`description`,`group_type`,`is_enabled`,`updated_at`,`work_area_id`) VALUES (41,'W4INST','2014-09-27 00:00:00','Instalar','WORK',1,NULL,4);
INSERT INTO `work_area_items` (`id`,`code`,`created_at`,`description`,`group_type`,`is_enabled`,`updated_at`,`work_area_id`) VALUES (42,'W4REPA','2014-09-27 00:00:00','Reparar','WORK',1,NULL,4);
INSERT INTO `work_area_items` (`id`,`code`,`created_at`,`description`,`group_type`,`is_enabled`,`updated_at`,`work_area_id`) VALUES (43,'W4CABL','2014-09-27 00:00:00','Cablear','WORK',1,NULL,4);
INSERT INTO `work_area_items` (`id`,`code`,`created_at`,`description`,`group_type`,`is_enabled`,`updated_at`,`work_area_id`) VALUES (44,'W4ROTR','2014-09-27 00:00:00','Realizar otro trabajo','WORK',1,NULL,4);
INSERT INTO `work_area_items` (`id`,`code`,`created_at`,`description`,`group_type`,`is_enabled`,`updated_at`,`work_area_id`) VALUES (45,'A4ARLU','2014-09-27 00:00:00','Artefactos de Luz','ARTIFACT',1,NULL,4);
INSERT INTO `work_area_items` (`id`,`code`,`created_at`,`description`,`group_type`,`is_enabled`,`updated_at`,`work_area_id`) VALUES (46,'A4TEDI','2014-09-27 00:00:00','Termica/Disyuntor','ARTIFACT',1,NULL,4);
INSERT INTO `work_area_items` (`id`,`code`,`created_at`,`description`,`group_type`,`is_enabled`,`updated_at`,`work_area_id`) VALUES (47,'A4TOIN','2014-09-27 00:00:00','Tomas/Interruptores','ARTIFACT',1,NULL,4);
INSERT INTO `work_area_items` (`id`,`code`,`created_at`,`description`,`group_type`,`is_enabled`,`updated_at`,`work_area_id`) VALUES (48,'A4AACO','2014-09-27 00:00:00','Aire acondicionado','ARTIFACT',1,NULL,4);
INSERT INTO `work_area_items` (`id`,`code`,`created_at`,`description`,`group_type`,`is_enabled`,`updated_at`,`work_area_id`) VALUES (49,'A4OTRO','2014-09-27 00:00:00','Otro','ARTIFACT',1,NULL,4);
INSERT INTO `work_area_items` (`id`,`code`,`created_at`,`description`,`group_type`,`is_enabled`,`updated_at`,`work_area_id`) VALUES (50,'P4CASA','2014-09-27 00:00:00','Casa','PROPERTY',1,NULL,4);
INSERT INTO `work_area_items` (`id`,`code`,`created_at`,`description`,`group_type`,`is_enabled`,`updated_at`,`work_area_id`) VALUES (51,'P4DEPA','2014-09-27 00:00:00','Departamento','PROPERTY',1,NULL,4);
INSERT INTO `work_area_items` (`id`,`code`,`created_at`,`description`,`group_type`,`is_enabled`,`updated_at`,`work_area_id`) VALUES (52,'W5INST','2014-09-27 00:00:00','Instalar/cambiar una cerradura','WORK',1,NULL,5);
INSERT INTO `work_area_items` (`id`,`code`,`created_at`,`description`,`group_type`,`is_enabled`,`updated_at`,`work_area_id`) VALUES (53,'W5RECE','2014-09-27 00:00:00','Reparar una cerradura','WORK',1,NULL,5);
INSERT INTO `work_area_items` (`id`,`code`,`created_at`,`description`,`group_type`,`is_enabled`,`updated_at`,`work_area_id`) VALUES (54,'W5REOT','2014-09-27 00:00:00','Realizar otro trabajo','WORK',1,NULL,5);
INSERT INTO `work_area_items` (`id`,`code`,`created_at`,`description`,`group_type`,`is_enabled`,`updated_at`,`work_area_id`) VALUES (55,'L5AUTO','2014-09-27 00:00:00','Auto','LOCK',1,NULL,5);
INSERT INTO `work_area_items` (`id`,`code`,`created_at`,`description`,`group_type`,`is_enabled`,`updated_at`,`work_area_id`) VALUES (56,'L5CADE','2014-09-27 00:00:00','Casa/Departamento','LOCK',1,NULL,5);
INSERT INTO `work_area_items` (`id`,`code`,`created_at`,`description`,`group_type`,`is_enabled`,`updated_at`,`work_area_id`) VALUES (57,'W6ARPA','2014-09-27 00:00:00','Arreglar una pared','WORK',1,NULL,6);
INSERT INTO `work_area_items` (`id`,`code`,`created_at`,`description`,`group_type`,`is_enabled`,`updated_at`,`work_area_id`) VALUES (58,'W6LEPA','2014-09-27 00:00:00','Levantar una pared','WORK',1,NULL,6);
INSERT INTO `work_area_items` (`id`,`code`,`created_at`,`description`,`group_type`,`is_enabled`,`updated_at`,`work_area_id`) VALUES (59,'W6ARPI','2014-09-27 00:00:00','Arreglar un piso','WORK',1,NULL,6);
INSERT INTO `work_area_items` (`id`,`code`,`created_at`,`description`,`group_type`,`is_enabled`,`updated_at`,`work_area_id`) VALUES (60,'W6COHA','2014-09-27 00:00:00','Construir una habitacion','WORK',1,NULL,6);
INSERT INTO `work_area_items` (`id`,`code`,`created_at`,`description`,`group_type`,`is_enabled`,`updated_at`,`work_area_id`) VALUES (61,'W6RDUR','2014-09-27 00:00:00','Realizar un trabajo de durlock','WORK',1,NULL,6);
INSERT INTO `work_area_items` (`id`,`code`,`created_at`,`description`,`group_type`,`is_enabled`,`updated_at`,`work_area_id`) VALUES (62,'W6ROTR','2014-09-27 00:00:00','Realizar otro trabajo','WORK',1,NULL,6);
INSERT INTO `work_area_items` (`id`,`code`,`created_at`,`description`,`group_type`,`is_enabled`,`updated_at`,`work_area_id`) VALUES (63,'W8ARRE','2014-09-27 00:00:00','Arreglar','WORK',1,NULL,8);
INSERT INTO `work_area_items` (`id`,`code`,`created_at`,`description`,`group_type`,`is_enabled`,`updated_at`,`work_area_id`) VALUES (64,'W8SUST','2014-09-27 00:00:00','Sustituir','WORK',1,NULL,8);
INSERT INTO `work_area_items` (`id`,`code`,`created_at`,`description`,`group_type`,`is_enabled`,`updated_at`,`work_area_id`) VALUES (65,'W8INSTA','2014-09-27 00:00:00','Instalar','WORK',1,NULL,8);
INSERT INTO `work_area_items` (`id`,`code`,`created_at`,`description`,`group_type`,`is_enabled`,`updated_at`,`work_area_id`) VALUES (66,'W8RECA','2014-09-27 00:00:00','Recargar','WORK',1,NULL,8);
INSERT INTO `work_area_items` (`id`,`code`,`created_at`,`description`,`group_type`,`is_enabled`,`updated_at`,`work_area_id`) VALUES (67,'B8BGHH','2014-09-27 00:00:00','BGH','BRAND',1,NULL,8);
INSERT INTO `work_area_items` (`id`,`code`,`created_at`,`description`,`group_type`,`is_enabled`,`updated_at`,`work_area_id`) VALUES (68,'B8CAND','2014-09-27 00:00:00','Candy','BRAND',1,NULL,8);
INSERT INTO `work_area_items` (`id`,`code`,`created_at`,`description`,`group_type`,`is_enabled`,`updated_at`,`work_area_id`) VALUES (69,'B8COVE','2014-09-27 00:00:00','Coventry','BRAND',1,NULL,8);
INSERT INTO `work_area_items` (`id`,`code`,`created_at`,`description`,`group_type`,`is_enabled`,`updated_at`,`work_area_id`) VALUES (70,'B8ELEC','2014-09-27 00:00:00','Electra','BRAND',1,NULL,8);
INSERT INTO `work_area_items` (`id`,`code`,`created_at`,`description`,`group_type`,`is_enabled`,`updated_at`,`work_area_id`) VALUES (71,'B8ELEX','2014-09-27 00:00:00','Electrolux','BRAND',1,NULL,8);
INSERT INTO `work_area_items` (`id`,`code`,`created_at`,`description`,`group_type`,`is_enabled`,`updated_at`,`work_area_id`) VALUES (72,'B8HITA','2014-09-27 00:00:00','Hitachi','BRAND',1,NULL,8);
INSERT INTO `work_area_items` (`id`,`code`,`created_at`,`description`,`group_type`,`is_enabled`,`updated_at`,`work_area_id`) VALUES (73,'B8LGLG','2014-09-27 00:00:00','LG','BRAND',1,NULL,8);
INSERT INTO `work_area_items` (`id`,`code`,`created_at`,`description`,`group_type`,`is_enabled`,`updated_at`,`work_area_id`) VALUES (74,'B8PANA','2014-09-27 00:00:00','Panasonic','BRAND',1,NULL,8);
INSERT INTO `work_area_items` (`id`,`code`,`created_at`,`description`,`group_type`,`is_enabled`,`updated_at`,`work_area_id`) VALUES (75,'B8PHIS','2014-09-27 00:00:00','Philips','BRAND',1,NULL,8);
INSERT INTO `work_area_items` (`id`,`code`,`created_at`,`description`,`group_type`,`is_enabled`,`updated_at`,`work_area_id`) VALUES (76,'BHPHIL','2014-09-27 00:00:00','Philco','BRAND',1,NULL,8);
INSERT INTO `work_area_items` (`id`,`code`,`created_at`,`description`,`group_type`,`is_enabled`,`updated_at`,`work_area_id`) VALUES (77,'B8SURR','2014-09-27 00:00:00','Surrey','BRAND',1,NULL,8);
INSERT INTO `work_area_items` (`id`,`code`,`created_at`,`description`,`group_type`,`is_enabled`,`updated_at`,`work_area_id`) VALUES (78,'B8TOSH','2014-09-27 00:00:00','Toshiba','BRAND',1,NULL,8);
INSERT INTO `work_area_items` (`id`,`code`,`created_at`,`description`,`group_type`,`is_enabled`,`updated_at`,`work_area_id`) VALUES (79,'B8OTRO','2014-09-27 00:00:00','Otro','BRAND',1,NULL,8);
INSERT INTO `work_area_items` (`id`,`code`,`created_at`,`description`,`group_type`,`is_enabled`,`updated_at`,`work_area_id`) VALUES (80,'A8SPLI','2014-09-27 00:00:00','Split','AIR_SYSTEM',1,NULL,8);
INSERT INTO `work_area_items` (`id`,`code`,`created_at`,`description`,`group_type`,`is_enabled`,`updated_at`,`work_area_id`) VALUES (81,'A8CENT','2014-09-27 00:00:00','Central','AIR_SYSTEM',1,NULL,8);
INSERT INTO `work_area_items` (`id`,`code`,`created_at`,`description`,`group_type`,`is_enabled`,`updated_at`,`work_area_id`) VALUES (82,'A8OTRO','2014-09-27 00:00:00','Otro','AIR_SYSTEM',1,NULL,8);
INSERT INTO `work_area_items` (`id`,`code`,`created_at`,`description`,`group_type`,`is_enabled`,`updated_at`,`work_area_id`) VALUES (83,'W9ARRE','2014-09-27 00:00:00','Arreglar','WORK',1,NULL,9);
INSERT INTO `work_area_items` (`id`,`code`,`created_at`,`description`,`group_type`,`is_enabled`,`updated_at`,`work_area_id`) VALUES (84,'W9SUST','2014-09-27 00:00:00','Sustituir','WORK',1,NULL,9);
INSERT INTO `work_area_items` (`id`,`code`,`created_at`,`description`,`group_type`,`is_enabled`,`updated_at`,`work_area_id`) VALUES (85,'W9INST','2014-09-27 00:00:00','Instalar','WORK',1,NULL,9);
INSERT INTO `work_area_items` (`id`,`code`,`created_at`,`description`,`group_type`,`is_enabled`,`updated_at`,`work_area_id`) VALUES (86,'A9LAPA','2014-09-27 00:00:00','Lavarropa','APPLIANCE',1,NULL,9);
INSERT INTO `work_area_items` (`id`,`code`,`created_at`,`description`,`group_type`,`is_enabled`,`updated_at`,`work_area_id`) VALUES (87,'A9LAJI','2014-09-27 00:00:00','Lavavajilla','APPLIANCE',1,NULL,9);
INSERT INTO `work_area_items` (`id`,`code`,`created_at`,`description`,`group_type`,`is_enabled`,`updated_at`,`work_area_id`) VALUES (88,'A9MICR','2014-09-27 00:00:00','Microonda','APPLIANCE',1,NULL,9);
INSERT INTO `work_area_items` (`id`,`code`,`created_at`,`description`,`group_type`,`is_enabled`,`updated_at`,`work_area_id`) VALUES (89,'A9HELA','2014-09-27 00:00:00','Heladera','APPLIANCE',1,NULL,9);
INSERT INTO `work_area_items` (`id`,`code`,`created_at`,`description`,`group_type`,`is_enabled`,`updated_at`,`work_area_id`) VALUES (90,'A9HORN','2014-09-27 00:00:00','Horno','APPLIANCE',1,NULL,9);
INSERT INTO `work_area_items` (`id`,`code`,`created_at`,`description`,`group_type`,`is_enabled`,`updated_at`,`work_area_id`) VALUES (91,'A9ANAF','2014-09-27 00:00:00','Anafe','APPLIANCE',1,NULL,9);
INSERT INTO `work_area_items` (`id`,`code`,`created_at`,`description`,`group_type`,`is_enabled`,`updated_at`,`work_area_id`) VALUES (92,'A9CAMP','2014-09-27 00:00:00','Campana','APPLIANCE',1,NULL,9);
INSERT INTO `work_area_items` (`id`,`code`,`created_at`,`description`,`group_type`,`is_enabled`,`updated_at`,`work_area_id`) VALUES (93,'A9OTRO','2014-09-27 00:00:00','Otro','APPLIANCE',1,NULL,9);
INSERT INTO `work_area_items` (`id`,`code`,`created_at`,`description`,`group_type`,`is_enabled`,`updated_at`,`work_area_id`) VALUES (94,'W10ARR','2014-09-27 00:00:00','Arreglar','WORK',1,NULL,10);
INSERT INTO `work_area_items` (`id`,`code`,`created_at`,`description`,`group_type`,`is_enabled`,`updated_at`,`work_area_id`) VALUES (95,'W10SUS','2014-09-27 00:00:00','Sustituir','WORK',1,NULL,10);
INSERT INTO `work_area_items` (`id`,`code`,`created_at`,`description`,`group_type`,`is_enabled`,`updated_at`,`work_area_id`) VALUES (96,'W10INS','2014-09-27 00:00:00','Instalar','WORK',1,NULL,10);
INSERT INTO `work_area_items` (`id`,`code`,`created_at`,`description`,`group_type`,`is_enabled`,`updated_at`,`work_area_id`) VALUES (97,'A10COM','2014-09-27 00:00:00','Computadora','APPLIANCE',1,NULL,10);
INSERT INTO `work_area_items` (`id`,`code`,`created_at`,`description`,`group_type`,`is_enabled`,`updated_at`,`work_area_id`) VALUES (98,'A10NOT','2014-09-27 00:00:00','Notebook/Netbook','APPLIANCE',1,NULL,10);
INSERT INTO `work_area_items` (`id`,`code`,`created_at`,`description`,`group_type`,`is_enabled`,`updated_at`,`work_area_id`) VALUES (99,'A10IMP','2014-09-27 00:00:00','Impresora','APPLIANCE',1,NULL,10);
INSERT INTO `work_area_items` (`id`,`code`,`created_at`,`description`,`group_type`,`is_enabled`,`updated_at`,`work_area_id`) VALUES (100,'A10MON','2014-09-27 00:00:00','Monitor','APPLIANCE',1,NULL,10);
INSERT INTO `work_area_items` (`id`,`code`,`created_at`,`description`,`group_type`,`is_enabled`,`updated_at`,`work_area_id`) VALUES (101,'A10OTR','2014-09-27 00:00:00','Otro','APPLIANCE',1,NULL,10);


INSERT INTO `singuia`.`work_area_questions` (`created_at`,`description`,`group_type`,`updated_at`,`work_area_id`) VALUES (now(),'¿Qué tipo de inmueble es?','PROPERTY',null,1);
INSERT INTO `singuia`.`work_area_questions` (`created_at`,`description`,`group_type`,`updated_at`,`work_area_id`) VALUES (now(),'¿Qué hay que hacer?','WORK',null,1);
INSERT INTO `singuia`.`work_area_questions` (`created_at`,`description`,`group_type`,`updated_at`,`work_area_id`) VALUES (now(),'¿Qué artefacto es?','ARTIFACT',null,1);

INSERT INTO `singuia`.`work_area_questions` (`created_at`,`description`,`group_type`,`updated_at`,`work_area_id`) VALUES (now(),'¿Qué hay que hacer?','WORK',null,2);
INSERT INTO `singuia`.`work_area_questions` (`created_at`,`description`,`group_type`,`updated_at`,`work_area_id`) VALUES (now(),'¿Qué tipo de inmueble es?','PROPERTY',null,2);

INSERT INTO `singuia`.`work_area_questions` (`created_at`,`description`,`group_type`,`updated_at`,`work_area_id`) VALUES (now(),'¿Qué hay que hacer?','WORK',null,3);
INSERT INTO `singuia`.`work_area_questions` (`created_at`,`description`,`group_type`,`updated_at`,`work_area_id`) VALUES (now(),'¿Cuál es el problema?','PROBLEM',null,3);
INSERT INTO `singuia`.`work_area_questions` (`created_at`,`description`,`group_type`,`updated_at`,`work_area_id`) VALUES (now(),'¿Qué componentes?','ARTIFACT',null,3);

INSERT INTO `singuia`.`work_area_questions` (`created_at`,`description`,`group_type`,`updated_at`,`work_area_id`) VALUES (now(),'¿Qué hay que hacer?','WORK',null,4);
INSERT INTO `singuia`.`work_area_questions` (`created_at`,`description`,`group_type`,`updated_at`,`work_area_id`) VALUES (now(),'¿Qué componentes?','ARTIFACT',null,4);
INSERT INTO `singuia`.`work_area_questions` (`created_at`,`description`,`group_type`,`updated_at`,`work_area_id`) VALUES (now(),'¿Qué tipo de inmueble es?','PROPERTY',null,4);

INSERT INTO `singuia`.`work_area_questions` (`created_at`,`description`,`group_type`,`updated_at`,`work_area_id`) VALUES (now(),'¿Qué hay que hacer?','WORK',null,5);
INSERT INTO `singuia`.`work_area_questions` (`created_at`,`description`,`group_type`,`updated_at`,`work_area_id`) VALUES (now(),'¿Qué tipo de cerradura es?','LOCK',null,5);

INSERT INTO `singuia`.`work_area_questions` (`created_at`,`description`,`group_type`,`updated_at`,`work_area_id`) VALUES (now(),'¿Qué hay que hacer?','WORK',null,6);

INSERT INTO `singuia`.`work_area_questions` (`created_at`,`description`,`group_type`,`updated_at`,`work_area_id`) VALUES (now(),'¿Qué hay que hacer?','WORK',null,8);
INSERT INTO `singuia`.`work_area_questions` (`created_at`,`description`,`group_type`,`updated_at`,`work_area_id`) VALUES (now(),'¿Qué tipo de aire es?','AIR_SYSTEM',null,8);
INSERT INTO `singuia`.`work_area_questions` (`created_at`,`description`,`group_type`,`updated_at`,`work_area_id`) VALUES (now(),'¿Cuál es la marca?','BRAND',null,8);

INSERT INTO `singuia`.`work_area_questions` (`created_at`,`description`,`group_type`,`updated_at`,`work_area_id`) VALUES (now(),'¿Qué hay que hacer?','WORK',null,9);
INSERT INTO `singuia`.`work_area_questions` (`created_at`,`description`,`group_type`,`updated_at`,`work_area_id`) VALUES (now(),'¿Qué electrodomestico es?','APPLIANCE',null,9);

INSERT INTO `singuia`.`work_area_questions` (`created_at`,`description`,`group_type`,`updated_at`,`work_area_id`) VALUES (now(),'¿Qué hay que hacer?','WORK',null,10);
INSERT INTO `singuia`.`work_area_questions` (`created_at`,`description`,`group_type`,`updated_at`,`work_area_id`) VALUES (now(),'¿Qué tipo de producto es?','APPLIANCE',null,10);

/*
-- Query: SELECT * FROM singuia.countries
LIMIT 0, 1000

-- Date: 2014-09-02 12:17
*/
INSERT INTO `countries` (`id`,`code`,`description`,`is_enabled`) VALUES (1,'AF','Afganistán',0);
INSERT INTO `countries` (`id`,`code`,`description`,`is_enabled`) VALUES (2,'AL','Albania',0);
INSERT INTO `countries` (`id`,`code`,`description`,`is_enabled`) VALUES (3,'DE','Alemania',0);
INSERT INTO `countries` (`id`,`code`,`description`,`is_enabled`) VALUES (4,'AD','Andorra',0);
INSERT INTO `countries` (`id`,`code`,`description`,`is_enabled`) VALUES (5,'AO','Angola',0);
INSERT INTO `countries` (`id`,`code`,`description`,`is_enabled`) VALUES (6,'AI','Anguila',0);
INSERT INTO `countries` (`id`,`code`,`description`,`is_enabled`) VALUES (7,'AG','Antigua y Barbuda',0);
INSERT INTO `countries` (`id`,`code`,`description`,`is_enabled`) VALUES (8,'AQ','Antártida',0);
INSERT INTO `countries` (`id`,`code`,`description`,`is_enabled`) VALUES (9,'SA','Arabia Saudita',0);
INSERT INTO `countries` (`id`,`code`,`description`,`is_enabled`) VALUES (10,'DZ','Argelia',0);
INSERT INTO `countries` (`id`,`code`,`description`,`is_enabled`) VALUES (11,'AR','Argentina','1');
INSERT INTO `countries` (`id`,`code`,`description`,`is_enabled`) VALUES (12,'AM','Armenia',0);
INSERT INTO `countries` (`id`,`code`,`description`,`is_enabled`) VALUES (13,'AW','Aruba',0);
INSERT INTO `countries` (`id`,`code`,`description`,`is_enabled`) VALUES (14,'AU','Australia',0);
INSERT INTO `countries` (`id`,`code`,`description`,`is_enabled`) VALUES (15,'AT','Austria',0);
INSERT INTO `countries` (`id`,`code`,`description`,`is_enabled`) VALUES (16,'AZ','Azerbaiyán',0);
INSERT INTO `countries` (`id`,`code`,`description`,`is_enabled`) VALUES (17,'BS','Bahamas',0);
INSERT INTO `countries` (`id`,`code`,`description`,`is_enabled`) VALUES (18,'BH','Bahréin',0);
INSERT INTO `countries` (`id`,`code`,`description`,`is_enabled`) VALUES (19,'BD','Bangladesh',0);
INSERT INTO `countries` (`id`,`code`,`description`,`is_enabled`) VALUES (20,'BB','Barbados',0);
INSERT INTO `countries` (`id`,`code`,`description`,`is_enabled`) VALUES (21,'BZ','Belice',0);
INSERT INTO `countries` (`id`,`code`,`description`,`is_enabled`) VALUES (22,'BJ','Benín',0);
INSERT INTO `countries` (`id`,`code`,`description`,`is_enabled`) VALUES (23,'BM','Bermudas',0);
INSERT INTO `countries` (`id`,`code`,`description`,`is_enabled`) VALUES (24,'BY','Bielorrusia',0);
INSERT INTO `countries` (`id`,`code`,`description`,`is_enabled`) VALUES (25,'BO','Bolivia',0);
INSERT INTO `countries` (`id`,`code`,`description`,`is_enabled`) VALUES (26,'BA','Bosnia y Herzegovina',0);
INSERT INTO `countries` (`id`,`code`,`description`,`is_enabled`) VALUES (27,'BW','Botsuana',0);
INSERT INTO `countries` (`id`,`code`,`description`,`is_enabled`) VALUES (28,'BR','Brasil',0);
INSERT INTO `countries` (`id`,`code`,`description`,`is_enabled`) VALUES (29,'BN','Brunéi',0);
INSERT INTO `countries` (`id`,`code`,`description`,`is_enabled`) VALUES (30,'BG','Bulgaria',0);
INSERT INTO `countries` (`id`,`code`,`description`,`is_enabled`) VALUES (31,'BF','Burkina Faso',0);
INSERT INTO `countries` (`id`,`code`,`description`,`is_enabled`) VALUES (32,'BI','Burundi',0);
INSERT INTO `countries` (`id`,`code`,`description`,`is_enabled`) VALUES (33,'BT','Bután',0);
INSERT INTO `countries` (`id`,`code`,`description`,`is_enabled`) VALUES (34,'BE','Bélgica',0);
INSERT INTO `countries` (`id`,`code`,`description`,`is_enabled`) VALUES (35,'CV','Cabo Verde',0);
INSERT INTO `countries` (`id`,`code`,`description`,`is_enabled`) VALUES (36,'KH','Camboya',0);
INSERT INTO `countries` (`id`,`code`,`description`,`is_enabled`) VALUES (37,'CM','Camerún',0);
INSERT INTO `countries` (`id`,`code`,`description`,`is_enabled`) VALUES (38,'CA','Canadá',0);
INSERT INTO `countries` (`id`,`code`,`description`,`is_enabled`) VALUES (39,'TD','Chad',0);
INSERT INTO `countries` (`id`,`code`,`description`,`is_enabled`) VALUES (40,'CL','Chile',0);
INSERT INTO `countries` (`id`,`code`,`description`,`is_enabled`) VALUES (41,'CY','Chipre',0);
INSERT INTO `countries` (`id`,`code`,`description`,`is_enabled`) VALUES (42,'CO','Colombia',0);
INSERT INTO `countries` (`id`,`code`,`description`,`is_enabled`) VALUES (43,'KM','Comoras',0);
INSERT INTO `countries` (`id`,`code`,`description`,`is_enabled`) VALUES (44,'CG','Congo',0);
INSERT INTO `countries` (`id`,`code`,`description`,`is_enabled`) VALUES (45,'KP','Corea del Norte',0);
INSERT INTO `countries` (`id`,`code`,`description`,`is_enabled`) VALUES (46,'KR','Corea del Sur',0);
INSERT INTO `countries` (`id`,`code`,`description`,`is_enabled`) VALUES (47,'CR','Costa Rica',0);
INSERT INTO `countries` (`id`,`code`,`description`,`is_enabled`) VALUES (48,'CI','Costa de Marfil',0);
INSERT INTO `countries` (`id`,`code`,`description`,`is_enabled`) VALUES (49,'HR','Croacia',0);
INSERT INTO `countries` (`id`,`code`,`description`,`is_enabled`) VALUES (50,'CW','Curazao',0);
INSERT INTO `countries` (`id`,`code`,`description`,`is_enabled`) VALUES (51,'DK','Dinamarca',0);
INSERT INTO `countries` (`id`,`code`,`description`,`is_enabled`) VALUES (52,'DM','Dominica',0);
INSERT INTO `countries` (`id`,`code`,`description`,`is_enabled`) VALUES (53,'EC','Ecuador',0);
INSERT INTO `countries` (`id`,`code`,`description`,`is_enabled`) VALUES (54,'EG','Egipto',0);
INSERT INTO `countries` (`id`,`code`,`description`,`is_enabled`) VALUES (55,'SV','El Salvador',0);
INSERT INTO `countries` (`id`,`code`,`description`,`is_enabled`) VALUES (56,'AE','Emiratos Árabes Unidos',0);
INSERT INTO `countries` (`id`,`code`,`description`,`is_enabled`) VALUES (57,'ER','Eritrea',0);
INSERT INTO `countries` (`id`,`code`,`description`,`is_enabled`) VALUES (58,'SK','Eslovaquia',0);
INSERT INTO `countries` (`id`,`code`,`description`,`is_enabled`) VALUES (59,'SI','Eslovenia',0);
INSERT INTO `countries` (`id`,`code`,`description`,`is_enabled`) VALUES (60,'ES','España',0);
INSERT INTO `countries` (`id`,`code`,`description`,`is_enabled`) VALUES (61,'FM','Estados Federados de Micronesia',0);
INSERT INTO `countries` (`id`,`code`,`description`,`is_enabled`) VALUES (62,'US','Estados Unidos',0);
INSERT INTO `countries` (`id`,`code`,`description`,`is_enabled`) VALUES (63,'EE','Estonia',0);
INSERT INTO `countries` (`id`,`code`,`description`,`is_enabled`) VALUES (64,'ET','Etiopía',0);
INSERT INTO `countries` (`id`,`code`,`description`,`is_enabled`) VALUES (65,'PH','Filipinas',0);
INSERT INTO `countries` (`id`,`code`,`description`,`is_enabled`) VALUES (66,'FI','Finlandia',0);
INSERT INTO `countries` (`id`,`code`,`description`,`is_enabled`) VALUES (67,'FJ','Fiyi',0);
INSERT INTO `countries` (`id`,`code`,`description`,`is_enabled`) VALUES (68,'FR','Francia',0);
INSERT INTO `countries` (`id`,`code`,`description`,`is_enabled`) VALUES (69,'GA','Gabón',0);
INSERT INTO `countries` (`id`,`code`,`description`,`is_enabled`) VALUES (70,'GM','Gambia',0);
INSERT INTO `countries` (`id`,`code`,`description`,`is_enabled`) VALUES (71,'GE','Georgia',0);
INSERT INTO `countries` (`id`,`code`,`description`,`is_enabled`) VALUES (72,'GH','Ghana',0);
INSERT INTO `countries` (`id`,`code`,`description`,`is_enabled`) VALUES (73,'GI','Gibraltar',0);
INSERT INTO `countries` (`id`,`code`,`description`,`is_enabled`) VALUES (74,'GD','Granada',0);
INSERT INTO `countries` (`id`,`code`,`description`,`is_enabled`) VALUES (75,'GR','Grecia',0);
INSERT INTO `countries` (`id`,`code`,`description`,`is_enabled`) VALUES (76,'GL','Groenlandia',0);
INSERT INTO `countries` (`id`,`code`,`description`,`is_enabled`) VALUES (77,'GP','Guadalupe',0);
INSERT INTO `countries` (`id`,`code`,`description`,`is_enabled`) VALUES (78,'GU','Guam',0);
INSERT INTO `countries` (`id`,`code`,`description`,`is_enabled`) VALUES (79,'GT','Guatemala',0);
INSERT INTO `countries` (`id`,`code`,`description`,`is_enabled`) VALUES (80,'GF','Guayana Francesa',0);
INSERT INTO `countries` (`id`,`code`,`description`,`is_enabled`) VALUES (81,'GG','Guernsey',0);
INSERT INTO `countries` (`id`,`code`,`description`,`is_enabled`) VALUES (82,'GN','Guinea',0);
INSERT INTO `countries` (`id`,`code`,`description`,`is_enabled`) VALUES (83,'GQ','Guinea Ecuatorial',0);
INSERT INTO `countries` (`id`,`code`,`description`,`is_enabled`) VALUES (84,'GW','Guinea-Bissáu',0);
INSERT INTO `countries` (`id`,`code`,`description`,`is_enabled`) VALUES (85,'GY','Guyana',0);
INSERT INTO `countries` (`id`,`code`,`description`,`is_enabled`) VALUES (86,'HT','Haití',0);
INSERT INTO `countries` (`id`,`code`,`description`,`is_enabled`) VALUES (87,'NL','Holanda',0);
INSERT INTO `countries` (`id`,`code`,`description`,`is_enabled`) VALUES (88,'HN','Honduras',0);
INSERT INTO `countries` (`id`,`code`,`description`,`is_enabled`) VALUES (89,'HK','Hong Kong',0);
INSERT INTO `countries` (`id`,`code`,`description`,`is_enabled`) VALUES (90,'HU','Hungría',0);
INSERT INTO `countries` (`id`,`code`,`description`,`is_enabled`) VALUES (91,'IN','India',0);
INSERT INTO `countries` (`id`,`code`,`description`,`is_enabled`) VALUES (92,'ID','Indonesia',0);
INSERT INTO `countries` (`id`,`code`,`description`,`is_enabled`) VALUES (93,'IQ','Iraq',0);
INSERT INTO `countries` (`id`,`code`,`description`,`is_enabled`) VALUES (94,'IE','Irlanda',0);
INSERT INTO `countries` (`id`,`code`,`description`,`is_enabled`) VALUES (95,'IR','Irán',0);
INSERT INTO `countries` (`id`,`code`,`description`,`is_enabled`) VALUES (96,'BV','Isla Bouvet',0);
INSERT INTO `countries` (`id`,`code`,`description`,`is_enabled`) VALUES (97,'CX','Isla Christmas',0);
INSERT INTO `countries` (`id`,`code`,`description`,`is_enabled`) VALUES (98,'NU','Isla Niue',0);
INSERT INTO `countries` (`id`,`code`,`description`,`is_enabled`) VALUES (99,'NF','Isla Norfolk',0);
INSERT INTO `countries` (`id`,`code`,`description`,`is_enabled`) VALUES (100,'IM','Isla de Man',0);
INSERT INTO `countries` (`id`,`code`,`description`,`is_enabled`) VALUES (101,'SX','Isla de San Martín',0);
INSERT INTO `countries` (`id`,`code`,`description`,`is_enabled`) VALUES (102,'IS','Islandia',0);
INSERT INTO `countries` (`id`,`code`,`description`,`is_enabled`) VALUES (103,'KY','Islas Caimán',0);
INSERT INTO `countries` (`id`,`code`,`description`,`is_enabled`) VALUES (104,'CC','Islas Cocos',0);
INSERT INTO `countries` (`id`,`code`,`description`,`is_enabled`) VALUES (105,'CK','Islas Cook',0);
INSERT INTO `countries` (`id`,`code`,`description`,`is_enabled`) VALUES (106,'FO','Islas Feroe',0);
INSERT INTO `countries` (`id`,`code`,`description`,`is_enabled`) VALUES (107,'GS','Islas Georgia del Sur y Sandwich del Sur',0);
INSERT INTO `countries` (`id`,`code`,`description`,`is_enabled`) VALUES (108,'HM','Islas Heard y McDonald',0);
INSERT INTO `countries` (`id`,`code`,`description`,`is_enabled`) VALUES (109,'FK','Islas Malvinas',0);
INSERT INTO `countries` (`id`,`code`,`description`,`is_enabled`) VALUES (110,'MP','Islas Marianas del Norte',0);
INSERT INTO `countries` (`id`,`code`,`description`,`is_enabled`) VALUES (111,'MH','Islas Marshall',0);
INSERT INTO `countries` (`id`,`code`,`description`,`is_enabled`) VALUES (112,'PN','Islas Pitcairn',0);
INSERT INTO `countries` (`id`,`code`,`description`,`is_enabled`) VALUES (113,'SB','Islas Salomón',0);
INSERT INTO `countries` (`id`,`code`,`description`,`is_enabled`) VALUES (114,'TC','Islas Turcas y Caicos',0);
INSERT INTO `countries` (`id`,`code`,`description`,`is_enabled`) VALUES (115,'VG','Islas Vírgenes Británicas',0);
INSERT INTO `countries` (`id`,`code`,`description`,`is_enabled`) VALUES (116,'VI','Islas Vírgenes de los Estados Unidos',0);
INSERT INTO `countries` (`id`,`code`,`description`,`is_enabled`) VALUES (117,'AX','Islas de Åland',0);
INSERT INTO `countries` (`id`,`code`,`description`,`is_enabled`) VALUES (118,'UM','Islas menores alejadas de los Estados Unidos',0);
INSERT INTO `countries` (`id`,`code`,`description`,`is_enabled`) VALUES (119,'IL','Israel',0);
INSERT INTO `countries` (`id`,`code`,`description`,`is_enabled`) VALUES (120,'IT','Italia',0);
INSERT INTO `countries` (`id`,`code`,`description`,`is_enabled`) VALUES (121,'JM','Jamaica',0);
INSERT INTO `countries` (`id`,`code`,`description`,`is_enabled`) VALUES (122,'JP','Japón',0);
INSERT INTO `countries` (`id`,`code`,`description`,`is_enabled`) VALUES (123,'JE','Jersey',0);
INSERT INTO `countries` (`id`,`code`,`description`,`is_enabled`) VALUES (124,'JO','Jordania',0);
INSERT INTO `countries` (`id`,`code`,`description`,`is_enabled`) VALUES (125,'KZ','Kazajstán',0);
INSERT INTO `countries` (`id`,`code`,`description`,`is_enabled`) VALUES (126,'KE','Kenia',0);
INSERT INTO `countries` (`id`,`code`,`description`,`is_enabled`) VALUES (127,'KG','Kirguistán',0);
INSERT INTO `countries` (`id`,`code`,`description`,`is_enabled`) VALUES (128,'KI','Kiribati',0);
INSERT INTO `countries` (`id`,`code`,`description`,`is_enabled`) VALUES (129,'XK','Kosovo',0);
INSERT INTO `countries` (`id`,`code`,`description`,`is_enabled`) VALUES (130,'KW','Kuwait',0);
INSERT INTO `countries` (`id`,`code`,`description`,`is_enabled`) VALUES (131,'LA','Laos',0);
INSERT INTO `countries` (`id`,`code`,`description`,`is_enabled`) VALUES (132,'LS','Lesotho',0);
INSERT INTO `countries` (`id`,`code`,`description`,`is_enabled`) VALUES (133,'LV','Letonia',0);
INSERT INTO `countries` (`id`,`code`,`description`,`is_enabled`) VALUES (134,'LR','Liberia',0);
INSERT INTO `countries` (`id`,`code`,`description`,`is_enabled`) VALUES (135,'LY','Libia',0);
INSERT INTO `countries` (`id`,`code`,`description`,`is_enabled`) VALUES (136,'LI','Liechtenstein',0);
INSERT INTO `countries` (`id`,`code`,`description`,`is_enabled`) VALUES (137,'LT','Lituania',0);
INSERT INTO `countries` (`id`,`code`,`description`,`is_enabled`) VALUES (138,'LU','Luxemburgo',0);
INSERT INTO `countries` (`id`,`code`,`description`,`is_enabled`) VALUES (139,'LB','Líbano',0);
INSERT INTO `countries` (`id`,`code`,`description`,`is_enabled`) VALUES (140,'MO','Macao',0);
INSERT INTO `countries` (`id`,`code`,`description`,`is_enabled`) VALUES (141,'MK','Macedonia',0);
INSERT INTO `countries` (`id`,`code`,`description`,`is_enabled`) VALUES (142,'MG','Madagascar',0);
INSERT INTO `countries` (`id`,`code`,`description`,`is_enabled`) VALUES (143,'MY','Malasia',0);
INSERT INTO `countries` (`id`,`code`,`description`,`is_enabled`) VALUES (144,'MW','Malaui',0);
INSERT INTO `countries` (`id`,`code`,`description`,`is_enabled`) VALUES (145,'MV','Maldivas',0);
INSERT INTO `countries` (`id`,`code`,`description`,`is_enabled`) VALUES (146,'ML','Mali',0);
INSERT INTO `countries` (`id`,`code`,`description`,`is_enabled`) VALUES (147,'MT','Malta',0);
INSERT INTO `countries` (`id`,`code`,`description`,`is_enabled`) VALUES (148,'MA','Marruecos',0);
INSERT INTO `countries` (`id`,`code`,`description`,`is_enabled`) VALUES (149,'MQ','Martinica',0);
INSERT INTO `countries` (`id`,`code`,`description`,`is_enabled`) VALUES (150,'MU','Mauricio',0);
INSERT INTO `countries` (`id`,`code`,`description`,`is_enabled`) VALUES (151,'MR','Mauritania',0);
INSERT INTO `countries` (`id`,`code`,`description`,`is_enabled`) VALUES (152,'YT','Mayotte',0);
INSERT INTO `countries` (`id`,`code`,`description`,`is_enabled`) VALUES (153,'MD','Moldavia',0);
INSERT INTO `countries` (`id`,`code`,`description`,`is_enabled`) VALUES (154,'MN','Mongolia',0);
INSERT INTO `countries` (`id`,`code`,`description`,`is_enabled`) VALUES (155,'ME','Montenegro',0);
INSERT INTO `countries` (`id`,`code`,`description`,`is_enabled`) VALUES (156,'MS','Montserrat',0);
INSERT INTO `countries` (`id`,`code`,`description`,`is_enabled`) VALUES (157,'MZ','Mozambique',0);
INSERT INTO `countries` (`id`,`code`,`description`,`is_enabled`) VALUES (158,'BQ','Municipio Especial de Bonaire',0);
INSERT INTO `countries` (`id`,`code`,`description`,`is_enabled`) VALUES (159,'MM','Myanmar [Birmania]',0);
INSERT INTO `countries` (`id`,`code`,`description`,`is_enabled`) VALUES (160,'MX','México',0);
INSERT INTO `countries` (`id`,`code`,`description`,`is_enabled`) VALUES (161,'MC','Mónaco',0);
INSERT INTO `countries` (`id`,`code`,`description`,`is_enabled`) VALUES (162,'NA','Namibia',0);
INSERT INTO `countries` (`id`,`code`,`description`,`is_enabled`) VALUES (163,'NR','Nauru',0);
INSERT INTO `countries` (`id`,`code`,`description`,`is_enabled`) VALUES (164,'NP','Nepal',0);
INSERT INTO `countries` (`id`,`code`,`description`,`is_enabled`) VALUES (165,'NI','Nicaragua',0);
INSERT INTO `countries` (`id`,`code`,`description`,`is_enabled`) VALUES (166,'NG','Nigeria',0);
INSERT INTO `countries` (`id`,`code`,`description`,`is_enabled`) VALUES (167,'NO','Noruega',0);
INSERT INTO `countries` (`id`,`code`,`description`,`is_enabled`) VALUES (168,'NC','Nueva Caledonia',0);
INSERT INTO `countries` (`id`,`code`,`description`,`is_enabled`) VALUES (169,'NZ','Nueva Zelanda',0);
INSERT INTO `countries` (`id`,`code`,`description`,`is_enabled`) VALUES (170,'NE','Níger',0);
INSERT INTO `countries` (`id`,`code`,`description`,`is_enabled`) VALUES (171,'OM','Omán',0);
INSERT INTO `countries` (`id`,`code`,`description`,`is_enabled`) VALUES (172,'PK','Pakistán',0);
INSERT INTO `countries` (`id`,`code`,`description`,`is_enabled`) VALUES (173,'PW','Palau',0);
INSERT INTO `countries` (`id`,`code`,`description`,`is_enabled`) VALUES (174,'PA','Panamá',0);
INSERT INTO `countries` (`id`,`code`,`description`,`is_enabled`) VALUES (175,'PG','Papúa-Nueva Guinea',0);
INSERT INTO `countries` (`id`,`code`,`description`,`is_enabled`) VALUES (176,'PY','Paraguay',0);
INSERT INTO `countries` (`id`,`code`,`description`,`is_enabled`) VALUES (177,'PE','Perú',0);
INSERT INTO `countries` (`id`,`code`,`description`,`is_enabled`) VALUES (178,'PF','Polinesia Francesa',0);
INSERT INTO `countries` (`id`,`code`,`description`,`is_enabled`) VALUES (179,'PL','Polonia',0);
INSERT INTO `countries` (`id`,`code`,`description`,`is_enabled`) VALUES (180,'PT','Portugal',0);
INSERT INTO `countries` (`id`,`code`,`description`,`is_enabled`) VALUES (181,'PR','Puerto Rico',0);
INSERT INTO `countries` (`id`,`code`,`description`,`is_enabled`) VALUES (182,'QA','Qatar',0);
INSERT INTO `countries` (`id`,`code`,`description`,`is_enabled`) VALUES (183,'GB','Reino Unido',0);
INSERT INTO `countries` (`id`,`code`,`description`,`is_enabled`) VALUES (184,'CF','República Centroafricana',0);
INSERT INTO `countries` (`id`,`code`,`description`,`is_enabled`) VALUES (185,'CZ','República Checa',0);
INSERT INTO `countries` (`id`,`code`,`description`,`is_enabled`) VALUES (186,'CD','República Democrática del Congo',0);
INSERT INTO `countries` (`id`,`code`,`description`,`is_enabled`) VALUES (187,'DO','República Dominicana',0);
INSERT INTO `countries` (`id`,`code`,`description`,`is_enabled`) VALUES (188,'CN','República Popular China',0);
INSERT INTO `countries` (`id`,`code`,`description`,`is_enabled`) VALUES (189,'SS','República de Sudán del Sur',0);
INSERT INTO `countries` (`id`,`code`,`description`,`is_enabled`) VALUES (190,'EH','República Árabe Saharaui Democrática',0);
INSERT INTO `countries` (`id`,`code`,`description`,`is_enabled`) VALUES (191,'RE','Reunión',0);
INSERT INTO `countries` (`id`,`code`,`description`,`is_enabled`) VALUES (192,'RW','Ruanda',0);
INSERT INTO `countries` (`id`,`code`,`description`,`is_enabled`) VALUES (193,'RO','Rumanía',0);
INSERT INTO `countries` (`id`,`code`,`description`,`is_enabled`) VALUES (194,'RU','Rusia',0);
INSERT INTO `countries` (`id`,`code`,`description`,`is_enabled`) VALUES (195,'WS','Samoa',0);
INSERT INTO `countries` (`id`,`code`,`description`,`is_enabled`) VALUES (196,'AS','Samoa Americana',0);
INSERT INTO `countries` (`id`,`code`,`description`,`is_enabled`) VALUES (197,'BL','San Bartolomé',0);
INSERT INTO `countries` (`id`,`code`,`description`,`is_enabled`) VALUES (198,'KN','San Cristóbal y Nieves',0);
INSERT INTO `countries` (`id`,`code`,`description`,`is_enabled`) VALUES (199,'SM','San Marino',0);
INSERT INTO `countries` (`id`,`code`,`description`,`is_enabled`) VALUES (200,'MF','San Martín',0);
INSERT INTO `countries` (`id`,`code`,`description`,`is_enabled`) VALUES (201,'PM','San Pedro y Miquelón',0);
INSERT INTO `countries` (`id`,`code`,`description`,`is_enabled`) VALUES (202,'VC','San Vicente y las Granadinas',0);
INSERT INTO `countries` (`id`,`code`,`description`,`is_enabled`) VALUES (203,'SH','Santa Elena',0);
INSERT INTO `countries` (`id`,`code`,`description`,`is_enabled`) VALUES (204,'LC','Santa Lucía',0);
INSERT INTO `countries` (`id`,`code`,`description`,`is_enabled`) VALUES (205,'ST','Santo Tomé y Príncipe',0);
INSERT INTO `countries` (`id`,`code`,`description`,`is_enabled`) VALUES (206,'SN','Senegal',0);
INSERT INTO `countries` (`id`,`code`,`description`,`is_enabled`) VALUES (207,'RS','Serbia',0);
INSERT INTO `countries` (`id`,`code`,`description`,`is_enabled`) VALUES (208,'SC','Seychelles',0);
INSERT INTO `countries` (`id`,`code`,`description`,`is_enabled`) VALUES (209,'SL','Sierra Leona',0);
INSERT INTO `countries` (`id`,`code`,`description`,`is_enabled`) VALUES (210,'SG','Singapur',0);
INSERT INTO `countries` (`id`,`code`,`description`,`is_enabled`) VALUES (211,'SY','Siria',0);
INSERT INTO `countries` (`id`,`code`,`description`,`is_enabled`) VALUES (212,'SO','Somalia',0);
INSERT INTO `countries` (`id`,`code`,`description`,`is_enabled`) VALUES (213,'LK','Sri Lanka',0);
INSERT INTO `countries` (`id`,`code`,`description`,`is_enabled`) VALUES (214,'SZ','Suazilandia',0);
INSERT INTO `countries` (`id`,`code`,`description`,`is_enabled`) VALUES (215,'ZA','Sudáfrica',0);
INSERT INTO `countries` (`id`,`code`,`description`,`is_enabled`) VALUES (216,'SD','Sudán',0);
INSERT INTO `countries` (`id`,`code`,`description`,`is_enabled`) VALUES (217,'SE','Suecia',0);
INSERT INTO `countries` (`id`,`code`,`description`,`is_enabled`) VALUES (218,'CH','Suiza',0);
INSERT INTO `countries` (`id`,`code`,`description`,`is_enabled`) VALUES (219,'SR','Surinam',0);
INSERT INTO `countries` (`id`,`code`,`description`,`is_enabled`) VALUES (220,'SJ','Svalbard y Jan Mayen',0);
INSERT INTO `countries` (`id`,`code`,`description`,`is_enabled`) VALUES (221,'TH','Tailandia',0);
INSERT INTO `countries` (`id`,`code`,`description`,`is_enabled`) VALUES (222,'TW','Taiwán',0);
INSERT INTO `countries` (`id`,`code`,`description`,`is_enabled`) VALUES (223,'TZ','Tanzania',0);
INSERT INTO `countries` (`id`,`code`,`description`,`is_enabled`) VALUES (224,'TJ','Tayikistán',0);
INSERT INTO `countries` (`id`,`code`,`description`,`is_enabled`) VALUES (225,'IO','Territorio Británico del Océano Índico',0);
INSERT INTO `countries` (`id`,`code`,`description`,`is_enabled`) VALUES (226,'TF','Territorios Australes Franceses',0);
INSERT INTO `countries` (`id`,`code`,`description`,`is_enabled`) VALUES (227,'PS','Territorios Palestinos',0);
INSERT INTO `countries` (`id`,`code`,`description`,`is_enabled`) VALUES (228,'TL','Timor Oriental',0);
INSERT INTO `countries` (`id`,`code`,`description`,`is_enabled`) VALUES (229,'TG','Togo',0);
INSERT INTO `countries` (`id`,`code`,`description`,`is_enabled`) VALUES (230,'TK','Tokelau',0);
INSERT INTO `countries` (`id`,`code`,`description`,`is_enabled`) VALUES (231,'TO','Tonga',0);
INSERT INTO `countries` (`id`,`code`,`description`,`is_enabled`) VALUES (232,'TT','Trinidad y Tobago',0);
INSERT INTO `countries` (`id`,`code`,`description`,`is_enabled`) VALUES (233,'TM','Turkmenistán',0);
INSERT INTO `countries` (`id`,`code`,`description`,`is_enabled`) VALUES (234,'TR','Turquía',0);
INSERT INTO `countries` (`id`,`code`,`description`,`is_enabled`) VALUES (235,'TV','Tuvalu',0);
INSERT INTO `countries` (`id`,`code`,`description`,`is_enabled`) VALUES (236,'TN','Túnez',0);
INSERT INTO `countries` (`id`,`code`,`description`,`is_enabled`) VALUES (237,'UA','Ucrania',0);
INSERT INTO `countries` (`id`,`code`,`description`,`is_enabled`) VALUES (238,'UG','Uganda',0);
INSERT INTO `countries` (`id`,`code`,`description`,`is_enabled`) VALUES (239,'UY','Uruguay',0);
INSERT INTO `countries` (`id`,`code`,`description`,`is_enabled`) VALUES (240,'UZ','Uzbekistán',0);
INSERT INTO `countries` (`id`,`code`,`description`,`is_enabled`) VALUES (241,'VU','Vanuatu',0);
INSERT INTO `countries` (`id`,`code`,`description`,`is_enabled`) VALUES (242,'VE','Venezuela',0);
INSERT INTO `countries` (`id`,`code`,`description`,`is_enabled`) VALUES (243,'VN','Vietnam',0);
INSERT INTO `countries` (`id`,`code`,`description`,`is_enabled`) VALUES (244,'WF','Wallis y Futuna',0);
INSERT INTO `countries` (`id`,`code`,`description`,`is_enabled`) VALUES (245,'YE','Yemen',0);
INSERT INTO `countries` (`id`,`code`,`description`,`is_enabled`) VALUES (246,'DJ','Yibuti',0);
INSERT INTO `countries` (`id`,`code`,`description`,`is_enabled`) VALUES (247,'ZM','Zambia',0);
INSERT INTO `countries` (`id`,`code`,`description`,`is_enabled`) VALUES (248,'ZW','Zimbawe',0);

/*
-- Query: SELECT * FROM singuia.states
LIMIT 0, 1000

-- Date: 2014-09-02 12:17
*/
INSERT INTO `states` (`id`,`code`,`description`,`country_id`,`is_enabled`) VALUES (1,'AR-B','Buenos Aires',11,1);
INSERT INTO `states` (`id`,`code`,`description`,`country_id`,`is_enabled`) VALUES (2,'AR-K','Catamarca',11,0);
INSERT INTO `states` (`id`,`code`,`description`,`country_id`,`is_enabled`) VALUES (3,'AR-H','Chaco',11,0);
INSERT INTO `states` (`id`,`code`,`description`,`country_id`,`is_enabled`) VALUES (4,'AR-U','Chubut',11,0);
INSERT INTO `states` (`id`,`code`,`description`,`country_id`,`is_enabled`) VALUES (5,'AR-C','Ciudad de Buenos Aires',11,1);
INSERT INTO `states` (`id`,`code`,`description`,`country_id`,`is_enabled`) VALUES (6,'AR-X','Córdoba',11,0);
INSERT INTO `states` (`id`,`code`,`description`,`country_id`,`is_enabled`) VALUES (7,'AR-W','Corrientes',11,0);
INSERT INTO `states` (`id`,`code`,`description`,`country_id`,`is_enabled`) VALUES (8,'AR-E','Entre Ríos',11,0);
INSERT INTO `states` (`id`,`code`,`description`,`country_id`,`is_enabled`) VALUES (9,'AR-P','Formosa',11,0);
INSERT INTO `states` (`id`,`code`,`description`,`country_id`,`is_enabled`) VALUES (10,'AR-Y','Jujuy',11,0);
INSERT INTO `states` (`id`,`code`,`description`,`country_id`,`is_enabled`) VALUES (11,'AR-L','La Pampa',11,0);
INSERT INTO `states` (`id`,`code`,`description`,`country_id`,`is_enabled`) VALUES (12,'AR-F','La Rioja',11,0);
INSERT INTO `states` (`id`,`code`,`description`,`country_id`,`is_enabled`) VALUES (13,'AR-M','Mendoza',11,0);
INSERT INTO `states` (`id`,`code`,`description`,`country_id`,`is_enabled`) VALUES (14,'AR-N','Misiones',11,0);
INSERT INTO `states` (`id`,`code`,`description`,`country_id`,`is_enabled`) VALUES (15,'AR-Q','Neuquén',11,0);
INSERT INTO `states` (`id`,`code`,`description`,`country_id`,`is_enabled`) VALUES (16,'AR-R','Río Negro',11,0);
INSERT INTO `states` (`id`,`code`,`description`,`country_id`,`is_enabled`) VALUES (17,'AR-A','Salta',11,0);
INSERT INTO `states` (`id`,`code`,`description`,`country_id`,`is_enabled`) VALUES (18,'AR-J','San Juan',11,0);
INSERT INTO `states` (`id`,`code`,`description`,`country_id`,`is_enabled`) VALUES (19,'AR-D','San Luis',11,0);
INSERT INTO `states` (`id`,`code`,`description`,`country_id`,`is_enabled`) VALUES (20,'AR-Z','Santa Cruz',11,0);
INSERT INTO `states` (`id`,`code`,`description`,`country_id`,`is_enabled`) VALUES (21,'AR-S','Santa Fe',11,0);
INSERT INTO `states` (`id`,`code`,`description`,`country_id`,`is_enabled`) VALUES (22,'AR-G','Santiago del Estero',11,0);
INSERT INTO `states` (`id`,`code`,`description`,`country_id`,`is_enabled`) VALUES (23,'AR-V','Tierra del Fuego',11,0);
INSERT INTO `states` (`id`,`code`,`description`,`country_id`,`is_enabled`) VALUES (24,'AR-T','Tucumán',11,0);
INSERT INTO `states` (`id`,`code`,`description`,`country_id`,`is_enabled`) VALUES (25,'BO','l Beni',25,0);
INSERT INTO `states` (`id`,`code`,`description`,`country_id`,`is_enabled`) VALUES (26,'BO','Chuquisaca',25,0);
INSERT INTO `states` (`id`,`code`,`description`,`country_id`,`is_enabled`) VALUES (27,'BO','Cochabamba',25,0);
INSERT INTO `states` (`id`,`code`,`description`,`country_id`,`is_enabled`) VALUES (28,'BO','La Paz',25,0);
INSERT INTO `states` (`id`,`code`,`description`,`country_id`,`is_enabled`) VALUES (29,'BO','Oruro',25,0);
INSERT INTO `states` (`id`,`code`,`description`,`country_id`,`is_enabled`) VALUES (30,'BO','Pando',25,0);
INSERT INTO `states` (`id`,`code`,`description`,`country_id`,`is_enabled`) VALUES (31,'BO','Potosí',25,0);
INSERT INTO `states` (`id`,`code`,`description`,`country_id`,`is_enabled`) VALUES (32,'BO','Santa Cruz',25,0);
INSERT INTO `states` (`id`,`code`,`description`,`country_id`,`is_enabled`) VALUES (33,'BO','Tarija',25,0);
INSERT INTO `states` (`id`,`code`,`description`,`country_id`,`is_enabled`) VALUES (34,'BR-AC','Acre',28,0);
INSERT INTO `states` (`id`,`code`,`description`,`country_id`,`is_enabled`) VALUES (35,'BR-AL','Alagoas',28,0);
INSERT INTO `states` (`id`,`code`,`description`,`country_id`,`is_enabled`) VALUES (36,'BR-AP','Amapá',28,0);
INSERT INTO `states` (`id`,`code`,`description`,`country_id`,`is_enabled`) VALUES (37,'BR-AM','Amazonas',28,0);
INSERT INTO `states` (`id`,`code`,`description`,`country_id`,`is_enabled`) VALUES (38,'BR-BA','Bahia',28,0);
INSERT INTO `states` (`id`,`code`,`description`,`country_id`,`is_enabled`) VALUES (39,'BR-CE','Ceará',28,0);
INSERT INTO `states` (`id`,`code`,`description`,`country_id`,`is_enabled`) VALUES (40,'BR-DF','Distrito Federal',28,0);
INSERT INTO `states` (`id`,`code`,`description`,`country_id`,`is_enabled`) VALUES (41,'BR-ES','Espírito Santo',28,0);
INSERT INTO `states` (`id`,`code`,`description`,`country_id`,`is_enabled`) VALUES (42,'BR-GO','Goiás',28,0);
INSERT INTO `states` (`id`,`code`,`description`,`country_id`,`is_enabled`) VALUES (43,'BR-MA','Maranhão',28,0);
INSERT INTO `states` (`id`,`code`,`description`,`country_id`,`is_enabled`) VALUES (44,'BR-MT','Mato Grosso',28,0);
INSERT INTO `states` (`id`,`code`,`description`,`country_id`,`is_enabled`) VALUES (45,'BR-MS','Mato Grosso do Sul',28,0);
INSERT INTO `states` (`id`,`code`,`description`,`country_id`,`is_enabled`) VALUES (46,'BR-MG','Minas Gerais',28,0);
INSERT INTO `states` (`id`,`code`,`description`,`country_id`,`is_enabled`) VALUES (47,'BR-PA','Pará',28,0);
INSERT INTO `states` (`id`,`code`,`description`,`country_id`,`is_enabled`) VALUES (48,'BR-PB','Paraíba',28,0);
INSERT INTO `states` (`id`,`code`,`description`,`country_id`,`is_enabled`) VALUES (49,'BR-PR','Parana',28,0);
INSERT INTO `states` (`id`,`code`,`description`,`country_id`,`is_enabled`) VALUES (50,'BR-PE','Pernambuco',28,0);
INSERT INTO `states` (`id`,`code`,`description`,`country_id`,`is_enabled`) VALUES (51,'BR-PI','Piauí',28,0);
INSERT INTO `states` (`id`,`code`,`description`,`country_id`,`is_enabled`) VALUES (52,'BR-RJ','Rio de Janeiro',28,0);
INSERT INTO `states` (`id`,`code`,`description`,`country_id`,`is_enabled`) VALUES (53,'BR-RN','Rio Grande do Norte',28,0);
INSERT INTO `states` (`id`,`code`,`description`,`country_id`,`is_enabled`) VALUES (54,'BR-RS','Rio Grande do Sul',28,0);
INSERT INTO `states` (`id`,`code`,`description`,`country_id`,`is_enabled`) VALUES (55,'BR-RO','Rondônia',28,0);
INSERT INTO `states` (`id`,`code`,`description`,`country_id`,`is_enabled`) VALUES (56,'BR-RR','Roraima',28,0);
INSERT INTO `states` (`id`,`code`,`description`,`country_id`,`is_enabled`) VALUES (57,'BR-SC','Santa Catarina',28,0);
INSERT INTO `states` (`id`,`code`,`description`,`country_id`,`is_enabled`) VALUES (58,'BR-SP','San Pablo',28,0);
INSERT INTO `states` (`id`,`code`,`description`,`country_id`,`is_enabled`) VALUES (59,'BR-SE','Sergipe',28,0);
INSERT INTO `states` (`id`,`code`,`description`,`country_id`,`is_enabled`) VALUES (60,'BR-TO','Tocantins',28,0);
INSERT INTO `states` (`id`,`code`,`description`,`country_id`,`is_enabled`) VALUES (61,'CA-AB','Alberta',38,0);
INSERT INTO `states` (`id`,`code`,`description`,`country_id`,`is_enabled`) VALUES (62,'CA-BC','Columbia Británica',38,0);
INSERT INTO `states` (`id`,`code`,`description`,`country_id`,`is_enabled`) VALUES (63,'CA-PE','Isla del Príncipe Eduardo',38,0);
INSERT INTO `states` (`id`,`code`,`description`,`country_id`,`is_enabled`) VALUES (64,'CA-MB','Manitoba',38,0);
INSERT INTO `states` (`id`,`code`,`description`,`country_id`,`is_enabled`) VALUES (65,'CA-NT','North West Territories',38,0);
INSERT INTO `states` (`id`,`code`,`description`,`country_id`,`is_enabled`) VALUES (66,'CA-NB','Nuevo Brunswick',38,0);
INSERT INTO `states` (`id`,`code`,`description`,`country_id`,`is_enabled`) VALUES (67,'CA-NS','Nueva Escocia',38,0);
INSERT INTO `states` (`id`,`code`,`description`,`country_id`,`is_enabled`) VALUES (68,'CA-NU','Nunavut',38,0);
INSERT INTO `states` (`id`,`code`,`description`,`country_id`,`is_enabled`) VALUES (69,'CA-ON','Ontario',38,0);
INSERT INTO `states` (`id`,`code`,`description`,`country_id`,`is_enabled`) VALUES (70,'CA-QC','Quebec',38,0);
INSERT INTO `states` (`id`,`code`,`description`,`country_id`,`is_enabled`) VALUES (71,'CA-SK','Saskatchewan',38,0);
INSERT INTO `states` (`id`,`code`,`description`,`country_id`,`is_enabled`) VALUES (72,'CA-NL','Terranova y Labrador',38,0);
INSERT INTO `states` (`id`,`code`,`description`,`country_id`,`is_enabled`) VALUES (73,'CA-YT','Yukon',38,0);
INSERT INTO `states` (`id`,`code`,`description`,`country_id`,`is_enabled`) VALUES (74,'CL','Antofagasta',40,0);
INSERT INTO `states` (`id`,`code`,`description`,`country_id`,`is_enabled`) VALUES (75,'CL','Araucanía',40,0);
INSERT INTO `states` (`id`,`code`,`description`,`country_id`,`is_enabled`) VALUES (76,'CL','Arica y Parinacota',40,0);
INSERT INTO `states` (`id`,`code`,`description`,`country_id`,`is_enabled`) VALUES (77,'CL','Atacama',40,0);
INSERT INTO `states` (`id`,`code`,`description`,`country_id`,`is_enabled`) VALUES (78,'CL','Aysén',40,0);
INSERT INTO `states` (`id`,`code`,`description`,`country_id`,`is_enabled`) VALUES (79,'CL','Biobío',40,0);
INSERT INTO `states` (`id`,`code`,`description`,`country_id`,`is_enabled`) VALUES (80,'CL','Coquimbo',40,0);
INSERT INTO `states` (`id`,`code`,`description`,`country_id`,`is_enabled`) VALUES (81,'CL','Libertador General Bernardo O''Higgins',40,0);
INSERT INTO `states` (`id`,`code`,`description`,`country_id`,`is_enabled`) VALUES (82,'CL','Los Ríos',40,0);
INSERT INTO `states` (`id`,`code`,`description`,`country_id`,`is_enabled`) VALUES (83,'CL','Magallanes',40,0);
INSERT INTO `states` (`id`,`code`,`description`,`country_id`,`is_enabled`) VALUES (84,'CL','Maule',40,0);
INSERT INTO `states` (`id`,`code`,`description`,`country_id`,`is_enabled`) VALUES (85,'CL','Valparaíso',40,0);
INSERT INTO `states` (`id`,`code`,`description`,`country_id`,`is_enabled`) VALUES (86,'CL','Los Lagos',40,0);
INSERT INTO `states` (`id`,`code`,`description`,`country_id`,`is_enabled`) VALUES (87,'CL','Santiago',40,0);
INSERT INTO `states` (`id`,`code`,`description`,`country_id`,`is_enabled`) VALUES (88,'CL','Tarapacá',40,0);
INSERT INTO `states` (`id`,`code`,`description`,`country_id`,`is_enabled`) VALUES (89,'CO-AMA','Amazonas',42,0);
INSERT INTO `states` (`id`,`code`,`description`,`country_id`,`is_enabled`) VALUES (90,'CO-ANT','Antioquia',42,0);
INSERT INTO `states` (`id`,`code`,`description`,`country_id`,`is_enabled`) VALUES (91,'CO-ARA','Arauca',42,0);
INSERT INTO `states` (`id`,`code`,`description`,`country_id`,`is_enabled`) VALUES (92,'CO-ATL','Atlántico',42,0);
INSERT INTO `states` (`id`,`code`,`description`,`country_id`,`is_enabled`) VALUES (93,'CO-DC','Bogotá D.C.',42,0);
INSERT INTO `states` (`id`,`code`,`description`,`country_id`,`is_enabled`) VALUES (94,'CO-BOL','Bolívar',42,0);
INSERT INTO `states` (`id`,`code`,`description`,`country_id`,`is_enabled`) VALUES (95,'CO-BOY','Boyacá',42,0);
INSERT INTO `states` (`id`,`code`,`description`,`country_id`,`is_enabled`) VALUES (96,'CO-CAL','Caldas',42,0);
INSERT INTO `states` (`id`,`code`,`description`,`country_id`,`is_enabled`) VALUES (97,'CO-CAQ','Caquetá',42,0);
INSERT INTO `states` (`id`,`code`,`description`,`country_id`,`is_enabled`) VALUES (98,'CO-CAS','Casanare',42,0);
INSERT INTO `states` (`id`,`code`,`description`,`country_id`,`is_enabled`) VALUES (99,'CO-CAU','Cauca',42,0);
INSERT INTO `states` (`id`,`code`,`description`,`country_id`,`is_enabled`) VALUES (100,'CO-CES','Cesar',42,0);
INSERT INTO `states` (`id`,`code`,`description`,`country_id`,`is_enabled`) VALUES (101,'CO-CHO','Chocó',42,0);
INSERT INTO `states` (`id`,`code`,`description`,`country_id`,`is_enabled`) VALUES (102,'CO-COR','Córdoba',42,0);
INSERT INTO `states` (`id`,`code`,`description`,`country_id`,`is_enabled`) VALUES (103,'CO-CUN','Cundinamarca',42,0);
INSERT INTO `states` (`id`,`code`,`description`,`country_id`,`is_enabled`) VALUES (104,'CO-GUA','Guainía',42,0);
INSERT INTO `states` (`id`,`code`,`description`,`country_id`,`is_enabled`) VALUES (105,'CO-GUV','Guaviare',42,0);
INSERT INTO `states` (`id`,`code`,`description`,`country_id`,`is_enabled`) VALUES (106,'CO-HUI','Huila',42,0);
INSERT INTO `states` (`id`,`code`,`description`,`country_id`,`is_enabled`) VALUES (107,'CO-LAG','La Guajira',42,0);
INSERT INTO `states` (`id`,`code`,`description`,`country_id`,`is_enabled`) VALUES (108,'CO-MAG','Magdalena',42,0);
INSERT INTO `states` (`id`,`code`,`description`,`country_id`,`is_enabled`) VALUES (109,'CO-MET','Meta',42,0);
INSERT INTO `states` (`id`,`code`,`description`,`country_id`,`is_enabled`) VALUES (110,'CO-NAR','Nariño',42,0);
INSERT INTO `states` (`id`,`code`,`description`,`country_id`,`is_enabled`) VALUES (111,'CO-NSA','Norte de Santander',42,0);
INSERT INTO `states` (`id`,`code`,`description`,`country_id`,`is_enabled`) VALUES (112,'CO-SAP','Providencia y Santa Catalina, Archipiélago de San Andrés',42,0);
INSERT INTO `states` (`id`,`code`,`description`,`country_id`,`is_enabled`) VALUES (113,'CO-PUT','Putumayo',42,0);
INSERT INTO `states` (`id`,`code`,`description`,`country_id`,`is_enabled`) VALUES (114,'CO-QUI','Quindío',42,0);
INSERT INTO `states` (`id`,`code`,`description`,`country_id`,`is_enabled`) VALUES (115,'CO-RIS','Risaralda',42,0);
INSERT INTO `states` (`id`,`code`,`description`,`country_id`,`is_enabled`) VALUES (116,'CO-SAN','Santander',42,0);
INSERT INTO `states` (`id`,`code`,`description`,`country_id`,`is_enabled`) VALUES (117,'CO-SUC','Sucre',42,0);
INSERT INTO `states` (`id`,`code`,`description`,`country_id`,`is_enabled`) VALUES (118,'CO-TOL','Tolima',42,0);
INSERT INTO `states` (`id`,`code`,`description`,`country_id`,`is_enabled`) VALUES (119,'CO-VAC','Valle del Cauca',42,0);
INSERT INTO `states` (`id`,`code`,`description`,`country_id`,`is_enabled`) VALUES (120,'CO-VAU','Vaupés',42,0);
INSERT INTO `states` (`id`,`code`,`description`,`country_id`,`is_enabled`) VALUES (121,'CO-VID','Vichada',42,0);
INSERT INTO `states` (`id`,`code`,`description`,`country_id`,`is_enabled`) VALUES (122,'CR','Alajuela',47,0);
INSERT INTO `states` (`id`,`code`,`description`,`country_id`,`is_enabled`) VALUES (123,'CR','Cartago',47,0);
INSERT INTO `states` (`id`,`code`,`description`,`country_id`,`is_enabled`) VALUES (124,'CR','Guanacaste',47,0);
INSERT INTO `states` (`id`,`code`,`description`,`country_id`,`is_enabled`) VALUES (125,'CR','Heredia',47,0);
INSERT INTO `states` (`id`,`code`,`description`,`country_id`,`is_enabled`) VALUES (126,'CR','Limon',47,0);
INSERT INTO `states` (`id`,`code`,`description`,`country_id`,`is_enabled`) VALUES (127,'CR','Puntarenas',47,0);
INSERT INTO `states` (`id`,`code`,`description`,`country_id`,`is_enabled`) VALUES (128,'CR','San Jose',47,0);
INSERT INTO `states` (`id`,`code`,`description`,`country_id`,`is_enabled`) VALUES (129,'EC','Azuay',53,0);
INSERT INTO `states` (`id`,`code`,`description`,`country_id`,`is_enabled`) VALUES (130,'EC','Bolivar',53,0);
INSERT INTO `states` (`id`,`code`,`description`,`country_id`,`is_enabled`) VALUES (131,'EC','Canar',53,0);
INSERT INTO `states` (`id`,`code`,`description`,`country_id`,`is_enabled`) VALUES (132,'EC','Carchi',53,0);
INSERT INTO `states` (`id`,`code`,`description`,`country_id`,`is_enabled`) VALUES (133,'EC','Chimborazo',53,0);
INSERT INTO `states` (`id`,`code`,`description`,`country_id`,`is_enabled`) VALUES (134,'EC','Cotopaxi',53,0);
INSERT INTO `states` (`id`,`code`,`description`,`country_id`,`is_enabled`) VALUES (135,'EC','El Oro',53,0);
INSERT INTO `states` (`id`,`code`,`description`,`country_id`,`is_enabled`) VALUES (136,'EC','Esmeraldas',53,0);
INSERT INTO `states` (`id`,`code`,`description`,`country_id`,`is_enabled`) VALUES (137,'EC','Francisco de Orellana',53,0);
INSERT INTO `states` (`id`,`code`,`description`,`country_id`,`is_enabled`) VALUES (138,'EC','Galápagos',53,0);
INSERT INTO `states` (`id`,`code`,`description`,`country_id`,`is_enabled`) VALUES (139,'EC','Guayas',53,0);
INSERT INTO `states` (`id`,`code`,`description`,`country_id`,`is_enabled`) VALUES (140,'EC','Imbabura',53,0);
INSERT INTO `states` (`id`,`code`,`description`,`country_id`,`is_enabled`) VALUES (141,'EC','Loja',53,0);
INSERT INTO `states` (`id`,`code`,`description`,`country_id`,`is_enabled`) VALUES (142,'EC','Los Rios',53,0);
INSERT INTO `states` (`id`,`code`,`description`,`country_id`,`is_enabled`) VALUES (143,'EC','Manabí',53,0);
INSERT INTO `states` (`id`,`code`,`description`,`country_id`,`is_enabled`) VALUES (144,'EC','Morona Santiago',53,0);
INSERT INTO `states` (`id`,`code`,`description`,`country_id`,`is_enabled`) VALUES (145,'EC','Napo',53,0);
INSERT INTO `states` (`id`,`code`,`description`,`country_id`,`is_enabled`) VALUES (146,'EC','Pastaza',53,0);
INSERT INTO `states` (`id`,`code`,`description`,`country_id`,`is_enabled`) VALUES (147,'EC','Pichincha',53,0);
INSERT INTO `states` (`id`,`code`,`description`,`country_id`,`is_enabled`) VALUES (148,'EC','Santa Elena',53,0);
INSERT INTO `states` (`id`,`code`,`description`,`country_id`,`is_enabled`) VALUES (149,'EC','Santo Domingo de los Tsachilas',53,0);
INSERT INTO `states` (`id`,`code`,`description`,`country_id`,`is_enabled`) VALUES (150,'EC','Sucumbios',53,0);
INSERT INTO `states` (`id`,`code`,`description`,`country_id`,`is_enabled`) VALUES (151,'EC','Tungurahua',53,0);
INSERT INTO `states` (`id`,`code`,`description`,`country_id`,`is_enabled`) VALUES (152,'EC','Zamora Chinchipe',53,0);
INSERT INTO `states` (`id`,`code`,`description`,`country_id`,`is_enabled`) VALUES (153,'SV','Ahuachapan',55,0);
INSERT INTO `states` (`id`,`code`,`description`,`country_id`,`is_enabled`) VALUES (154,'SV','Cabanas',55,0);
INSERT INTO `states` (`id`,`code`,`description`,`country_id`,`is_enabled`) VALUES (155,'SV','Chalatenango',55,0);
INSERT INTO `states` (`id`,`code`,`description`,`country_id`,`is_enabled`) VALUES (156,'SV','Cuscatlan',55,0);
INSERT INTO `states` (`id`,`code`,`description`,`country_id`,`is_enabled`) VALUES (157,'SV','La Libertad',55,0);
INSERT INTO `states` (`id`,`code`,`description`,`country_id`,`is_enabled`) VALUES (158,'SV','La Paz',55,0);
INSERT INTO `states` (`id`,`code`,`description`,`country_id`,`is_enabled`) VALUES (159,'SV','La Union',55,0);
INSERT INTO `states` (`id`,`code`,`description`,`country_id`,`is_enabled`) VALUES (160,'SV','Morazan',55,0);
INSERT INTO `states` (`id`,`code`,`description`,`country_id`,`is_enabled`) VALUES (161,'SV','San Miguel',55,0);
INSERT INTO `states` (`id`,`code`,`description`,`country_id`,`is_enabled`) VALUES (162,'SV','San Salvador',55,0);
INSERT INTO `states` (`id`,`code`,`description`,`country_id`,`is_enabled`) VALUES (163,'SV','San Vicente',55,0);
INSERT INTO `states` (`id`,`code`,`description`,`country_id`,`is_enabled`) VALUES (164,'SV','Santa Ana',55,0);
INSERT INTO `states` (`id`,`code`,`description`,`country_id`,`is_enabled`) VALUES (165,'SV','Sonsonate',55,0);
INSERT INTO `states` (`id`,`code`,`description`,`country_id`,`is_enabled`) VALUES (166,'SV','Usulutan',55,0);
INSERT INTO `states` (`id`,`code`,`description`,`country_id`,`is_enabled`) VALUES (167,'ES','Galicia',60,0);
INSERT INTO `states` (`id`,`code`,`description`,`country_id`,`is_enabled`) VALUES (168,'ES','Andalucía',60,0);
INSERT INTO `states` (`id`,`code`,`description`,`country_id`,`is_enabled`) VALUES (169,'ES','Aragón',60,0);
INSERT INTO `states` (`id`,`code`,`description`,`country_id`,`is_enabled`) VALUES (170,'ES','Canarias',60,0);
INSERT INTO `states` (`id`,`code`,`description`,`country_id`,`is_enabled`) VALUES (171,'ES','Cantabria',60,0);
INSERT INTO `states` (`id`,`code`,`description`,`country_id`,`is_enabled`) VALUES (172,'ES','Castilla y León',60,0);
INSERT INTO `states` (`id`,`code`,`description`,`country_id`,`is_enabled`) VALUES (173,'ES','Castilla-La Mancha',60,0);
INSERT INTO `states` (`id`,`code`,`description`,`country_id`,`is_enabled`) VALUES (174,'ES','Cataluña',60,0);
INSERT INTO `states` (`id`,`code`,`description`,`country_id`,`is_enabled`) VALUES (175,'ES','Ciudad de Ceuta',60,0);
INSERT INTO `states` (`id`,`code`,`description`,`country_id`,`is_enabled`) VALUES (176,'ES','Comunidad de Madrid',60,0);
INSERT INTO `states` (`id`,`code`,`description`,`country_id`,`is_enabled`) VALUES (177,'ES','Comunidad valenciana',60,0);
INSERT INTO `states` (`id`,`code`,`description`,`country_id`,`is_enabled`) VALUES (178,'ES','País Vasco',60,0);
INSERT INTO `states` (`id`,`code`,`description`,`country_id`,`is_enabled`) VALUES (179,'ES','Extremadura',60,0);
INSERT INTO `states` (`id`,`code`,`description`,`country_id`,`is_enabled`) VALUES (180,'ES','Illes Balears',60,0);
INSERT INTO `states` (`id`,`code`,`description`,`country_id`,`is_enabled`) VALUES (181,'ES','La Rioja',60,0);
INSERT INTO `states` (`id`,`code`,`description`,`country_id`,`is_enabled`) VALUES (182,'ES','Melilla',60,0);
INSERT INTO `states` (`id`,`code`,`description`,`country_id`,`is_enabled`) VALUES (183,'ES','Navarra',60,0);
INSERT INTO `states` (`id`,`code`,`description`,`country_id`,`is_enabled`) VALUES (184,'ES','Asturias',60,0);
INSERT INTO `states` (`id`,`code`,`description`,`country_id`,`is_enabled`) VALUES (185,'ES','Murcia',60,0);
INSERT INTO `states` (`id`,`code`,`description`,`country_id`,`is_enabled`) VALUES (186,'US-AL','Alabama',62,0);
INSERT INTO `states` (`id`,`code`,`description`,`country_id`,`is_enabled`) VALUES (187,'US-AK','Alaska',62,0);
INSERT INTO `states` (`id`,`code`,`description`,`country_id`,`is_enabled`) VALUES (188,'US-AR','Arkansas',62,0);
INSERT INTO `states` (`id`,`code`,`description`,`country_id`,`is_enabled`) VALUES (189,'US-AZ','Arizona',62,0);
INSERT INTO `states` (`id`,`code`,`description`,`country_id`,`is_enabled`) VALUES (190,'US-CA','California',62,0);
INSERT INTO `states` (`id`,`code`,`description`,`country_id`,`is_enabled`) VALUES (191,'US-NC','Carolina del Norte',62,0);
INSERT INTO `states` (`id`,`code`,`description`,`country_id`,`is_enabled`) VALUES (192,'US-SC','Carolina del Sur',62,0);
INSERT INTO `states` (`id`,`code`,`description`,`country_id`,`is_enabled`) VALUES (193,'US-CO','Colorado',62,0);
INSERT INTO `states` (`id`,`code`,`description`,`country_id`,`is_enabled`) VALUES (194,'US-DC','Columbia',62,0);
INSERT INTO `states` (`id`,`code`,`description`,`country_id`,`is_enabled`) VALUES (195,'US-CT','Connecticut',62,0);
INSERT INTO `states` (`id`,`code`,`description`,`country_id`,`is_enabled`) VALUES (196,'US-ND','Dakota del Norte',62,0);
INSERT INTO `states` (`id`,`code`,`description`,`country_id`,`is_enabled`) VALUES (197,'US-SD','Dakota del Sur',62,0);
INSERT INTO `states` (`id`,`code`,`description`,`country_id`,`is_enabled`) VALUES (198,'US-DE','Delaware',62,0);
INSERT INTO `states` (`id`,`code`,`description`,`country_id`,`is_enabled`) VALUES (199,'US-FL','Florida',62,0);
INSERT INTO `states` (`id`,`code`,`description`,`country_id`,`is_enabled`) VALUES (200,'US-GA','Georgia',62,0);
INSERT INTO `states` (`id`,`code`,`description`,`country_id`,`is_enabled`) VALUES (201,'US-HI','Hawaii',62,0);
INSERT INTO `states` (`id`,`code`,`description`,`country_id`,`is_enabled`) VALUES (202,'US-ID','Idaho',62,0);
INSERT INTO `states` (`id`,`code`,`description`,`country_id`,`is_enabled`) VALUES (203,'US-RI','Rhode Island',62,0);
INSERT INTO `states` (`id`,`code`,`description`,`country_id`,`is_enabled`) VALUES (204,'US-IL','Illinois',62,0);
INSERT INTO `states` (`id`,`code`,`description`,`country_id`,`is_enabled`) VALUES (205,'US-IN','Indiana',62,0);
INSERT INTO `states` (`id`,`code`,`description`,`country_id`,`is_enabled`) VALUES (206,'US-IA','Iowa',62,0);
INSERT INTO `states` (`id`,`code`,`description`,`country_id`,`is_enabled`) VALUES (207,'US-KS','Kansas',62,0);
INSERT INTO `states` (`id`,`code`,`description`,`country_id`,`is_enabled`) VALUES (208,'US-KY','Kentucky',62,0);
INSERT INTO `states` (`id`,`code`,`description`,`country_id`,`is_enabled`) VALUES (209,'US-LA','Louisiana',62,0);
INSERT INTO `states` (`id`,`code`,`description`,`country_id`,`is_enabled`) VALUES (210,'US-ME','Maine',62,0);
INSERT INTO `states` (`id`,`code`,`description`,`country_id`,`is_enabled`) VALUES (211,'US-MD','Maryland',62,0);
INSERT INTO `states` (`id`,`code`,`description`,`country_id`,`is_enabled`) VALUES (212,'US-MA','Massachusetts',62,0);
INSERT INTO `states` (`id`,`code`,`description`,`country_id`,`is_enabled`) VALUES (213,'US-MI','Michigan',62,0);
INSERT INTO `states` (`id`,`code`,`description`,`country_id`,`is_enabled`) VALUES (214,'US-MN','Minnesota',62,0);
INSERT INTO `states` (`id`,`code`,`description`,`country_id`,`is_enabled`) VALUES (215,'US-MS','Mississippi',62,0);
INSERT INTO `states` (`id`,`code`,`description`,`country_id`,`is_enabled`) VALUES (216,'US-MO','Missouri',62,0);
INSERT INTO `states` (`id`,`code`,`description`,`country_id`,`is_enabled`) VALUES (217,'US-MT','Montana',62,0);
INSERT INTO `states` (`id`,`code`,`description`,`country_id`,`is_enabled`) VALUES (218,'US-NE','Nebraska',62,0);
INSERT INTO `states` (`id`,`code`,`description`,`country_id`,`is_enabled`) VALUES (219,'US-NV','Nevada',62,0);
INSERT INTO `states` (`id`,`code`,`description`,`country_id`,`is_enabled`) VALUES (220,'US-NH','Nueva Hampshire',62,0);
INSERT INTO `states` (`id`,`code`,`description`,`country_id`,`is_enabled`) VALUES (221,'US-NY','Nueva York',62,0);
INSERT INTO `states` (`id`,`code`,`description`,`country_id`,`is_enabled`) VALUES (222,'US-NJ','Nueva Jersey',62,0);
INSERT INTO `states` (`id`,`code`,`description`,`country_id`,`is_enabled`) VALUES (223,'US-NM','Nuevo México',62,0);
INSERT INTO `states` (`id`,`code`,`description`,`country_id`,`is_enabled`) VALUES (224,'US-OK','Oklahoma',62,0);
INSERT INTO `states` (`id`,`code`,`description`,`country_id`,`is_enabled`) VALUES (225,'US-OH','Ohio',62,0);
INSERT INTO `states` (`id`,`code`,`description`,`country_id`,`is_enabled`) VALUES (226,'US-OR','Oregón',62,0);
INSERT INTO `states` (`id`,`code`,`description`,`country_id`,`is_enabled`) VALUES (227,'US-PA','Pensilvania',62,0);
INSERT INTO `states` (`id`,`code`,`description`,`country_id`,`is_enabled`) VALUES (228,'US-TN','Tennessee',62,0);
INSERT INTO `states` (`id`,`code`,`description`,`country_id`,`is_enabled`) VALUES (229,'US-TX','Texas',62,0);
INSERT INTO `states` (`id`,`code`,`description`,`country_id`,`is_enabled`) VALUES (230,'US-UT','Utah',62,0);
INSERT INTO `states` (`id`,`code`,`description`,`country_id`,`is_enabled`) VALUES (231,'US-VT','Vermont',62,0);
INSERT INTO `states` (`id`,`code`,`description`,`country_id`,`is_enabled`) VALUES (232,'US-VA','Virginia',62,0);
INSERT INTO `states` (`id`,`code`,`description`,`country_id`,`is_enabled`) VALUES (233,'US-WV','Virginia Occidental',62,0);
INSERT INTO `states` (`id`,`code`,`description`,`country_id`,`is_enabled`) VALUES (234,'US-WA','Washington',62,0);
INSERT INTO `states` (`id`,`code`,`description`,`country_id`,`is_enabled`) VALUES (235,'US-WI','Wisconsin',62,0);
INSERT INTO `states` (`id`,`code`,`description`,`country_id`,`is_enabled`) VALUES (236,'US-WY','Wyoming',62,0);
INSERT INTO `states` (`id`,`code`,`description`,`country_id`,`is_enabled`) VALUES (237,'GT','Alta Verapaz',79,0);
INSERT INTO `states` (`id`,`code`,`description`,`country_id`,`is_enabled`) VALUES (238,'GT','Baja Verapaz',79,0);
INSERT INTO `states` (`id`,`code`,`description`,`country_id`,`is_enabled`) VALUES (239,'GT','Chimaltenango',79,0);
INSERT INTO `states` (`id`,`code`,`description`,`country_id`,`is_enabled`) VALUES (240,'GT','Chiquimula',79,0);
INSERT INTO `states` (`id`,`code`,`description`,`country_id`,`is_enabled`) VALUES (241,'GT','El Progreso',79,0);
INSERT INTO `states` (`id`,`code`,`description`,`country_id`,`is_enabled`) VALUES (242,'GT','Escuintla',79,0);
INSERT INTO `states` (`id`,`code`,`description`,`country_id`,`is_enabled`) VALUES (243,'GT','Guatemala',79,0);
INSERT INTO `states` (`id`,`code`,`description`,`country_id`,`is_enabled`) VALUES (244,'GT','Huehuetenango',79,0);
INSERT INTO `states` (`id`,`code`,`description`,`country_id`,`is_enabled`) VALUES (245,'GT','Izabal',79,0);
INSERT INTO `states` (`id`,`code`,`description`,`country_id`,`is_enabled`) VALUES (246,'GT','Jalapa',79,0);
INSERT INTO `states` (`id`,`code`,`description`,`country_id`,`is_enabled`) VALUES (247,'GT','Jutiapa',79,0);
INSERT INTO `states` (`id`,`code`,`description`,`country_id`,`is_enabled`) VALUES (248,'GT','Peten',79,0);
INSERT INTO `states` (`id`,`code`,`description`,`country_id`,`is_enabled`) VALUES (249,'GT','Quetzaltenango',79,0);
INSERT INTO `states` (`id`,`code`,`description`,`country_id`,`is_enabled`) VALUES (250,'GT','Quiche',79,0);
INSERT INTO `states` (`id`,`code`,`description`,`country_id`,`is_enabled`) VALUES (251,'GT','Retalhuleu',79,0);
INSERT INTO `states` (`id`,`code`,`description`,`country_id`,`is_enabled`) VALUES (252,'GT','Sacatepequez',79,0);
INSERT INTO `states` (`id`,`code`,`description`,`country_id`,`is_enabled`) VALUES (253,'GT','San Marcos',79,0);
INSERT INTO `states` (`id`,`code`,`description`,`country_id`,`is_enabled`) VALUES (254,'GT','Santa Rosa',79,0);
INSERT INTO `states` (`id`,`code`,`description`,`country_id`,`is_enabled`) VALUES (255,'GT','Solola',79,0);
INSERT INTO `states` (`id`,`code`,`description`,`country_id`,`is_enabled`) VALUES (256,'GT','Suchitepequez',79,0);
INSERT INTO `states` (`id`,`code`,`description`,`country_id`,`is_enabled`) VALUES (257,'GT','Totonicapan',79,0);
INSERT INTO `states` (`id`,`code`,`description`,`country_id`,`is_enabled`) VALUES (258,'GT','Zacapa',79,0);
INSERT INTO `states` (`id`,`code`,`description`,`country_id`,`is_enabled`) VALUES (259,'HN','Atlantida',88,0);
INSERT INTO `states` (`id`,`code`,`description`,`country_id`,`is_enabled`) VALUES (260,'HN','Choluteca',88,0);
INSERT INTO `states` (`id`,`code`,`description`,`country_id`,`is_enabled`) VALUES (261,'HN','Colon',88,0);
INSERT INTO `states` (`id`,`code`,`description`,`country_id`,`is_enabled`) VALUES (262,'HN','Comayagua',88,0);
INSERT INTO `states` (`id`,`code`,`description`,`country_id`,`is_enabled`) VALUES (263,'HN','Copan',88,0);
INSERT INTO `states` (`id`,`code`,`description`,`country_id`,`is_enabled`) VALUES (264,'HN','Cortés',88,0);
INSERT INTO `states` (`id`,`code`,`description`,`country_id`,`is_enabled`) VALUES (265,'HN','El Paraiso',88,0);
INSERT INTO `states` (`id`,`code`,`description`,`country_id`,`is_enabled`) VALUES (266,'HN','Francisco Morazán',88,0);
INSERT INTO `states` (`id`,`code`,`description`,`country_id`,`is_enabled`) VALUES (267,'HN','Gracias a Dios',88,0);
INSERT INTO `states` (`id`,`code`,`description`,`country_id`,`is_enabled`) VALUES (268,'HN','Intibuca',88,0);
INSERT INTO `states` (`id`,`code`,`description`,`country_id`,`is_enabled`) VALUES (269,'HN','Islas de la Bahía',88,0);
INSERT INTO `states` (`id`,`code`,`description`,`country_id`,`is_enabled`) VALUES (270,'HN','La Paz',88,0);
INSERT INTO `states` (`id`,`code`,`description`,`country_id`,`is_enabled`) VALUES (271,'HN','Lempira',88,0);
INSERT INTO `states` (`id`,`code`,`description`,`country_id`,`is_enabled`) VALUES (272,'HN','Ocotepeque',88,0);
INSERT INTO `states` (`id`,`code`,`description`,`country_id`,`is_enabled`) VALUES (273,'HN','Olancho',88,0);
INSERT INTO `states` (`id`,`code`,`description`,`country_id`,`is_enabled`) VALUES (274,'HN','Santa Barbara',88,0);
INSERT INTO `states` (`id`,`code`,`description`,`country_id`,`is_enabled`) VALUES (275,'HN','Valle',88,0);
INSERT INTO `states` (`id`,`code`,`description`,`country_id`,`is_enabled`) VALUES (276,'HN','Yoro',88,0);
INSERT INTO `states` (`id`,`code`,`description`,`country_id`,`is_enabled`) VALUES (277,'MX-AGU','Aguascalientes',160,0);
INSERT INTO `states` (`id`,`code`,`description`,`country_id`,`is_enabled`) VALUES (278,'MX-BCS','Baja California Sur',160,0);
INSERT INTO `states` (`id`,`code`,`description`,`country_id`,`is_enabled`) VALUES (279,'MX-BCN','Baja California',160,0);
INSERT INTO `states` (`id`,`code`,`description`,`country_id`,`is_enabled`) VALUES (280,'MX-CAM','Campeche',160,0);
INSERT INTO `states` (`id`,`code`,`description`,`country_id`,`is_enabled`) VALUES (281,'MX-CHP','Chiapas',160,0);
INSERT INTO `states` (`id`,`code`,`description`,`country_id`,`is_enabled`) VALUES (282,'MX-CHH','Chihuahua',160,0);
INSERT INTO `states` (`id`,`code`,`description`,`country_id`,`is_enabled`) VALUES (283,'MX-COA','Coahuila de Zaragoza',160,0);
INSERT INTO `states` (`id`,`code`,`description`,`country_id`,`is_enabled`) VALUES (284,'MX-COL','Colima',160,0);
INSERT INTO `states` (`id`,`code`,`description`,`country_id`,`is_enabled`) VALUES (285,'MX-DUR','Durango',160,0);
INSERT INTO `states` (`id`,`code`,`description`,`country_id`,`is_enabled`) VALUES (286,'MX-GUA','Guanajuato',160,0);
INSERT INTO `states` (`id`,`code`,`description`,`country_id`,`is_enabled`) VALUES (287,'MX-GRO','Guerrero',160,0);
INSERT INTO `states` (`id`,`code`,`description`,`country_id`,`is_enabled`) VALUES (288,'MX-HID','Hidalgo',160,0);
INSERT INTO `states` (`id`,`code`,`description`,`country_id`,`is_enabled`) VALUES (289,'MX-JAL','Jalisco',160,0);
INSERT INTO `states` (`id`,`code`,`description`,`country_id`,`is_enabled`) VALUES (290,'MX-MEX','México',160,0);
INSERT INTO `states` (`id`,`code`,`description`,`country_id`,`is_enabled`) VALUES (291,'MX-DIF','México D.F.',160,0);
INSERT INTO `states` (`id`,`code`,`description`,`country_id`,`is_enabled`) VALUES (292,'MX-MIC','Michoacán de Ocampo',160,0);
INSERT INTO `states` (`id`,`code`,`description`,`country_id`,`is_enabled`) VALUES (293,'MX-MOR','Morelos',160,0);
INSERT INTO `states` (`id`,`code`,`description`,`country_id`,`is_enabled`) VALUES (294,'MX-NAY','Nayarit',160,0);
INSERT INTO `states` (`id`,`code`,`description`,`country_id`,`is_enabled`) VALUES (295,'MX-NLE','Nuevo León',160,0);
INSERT INTO `states` (`id`,`code`,`description`,`country_id`,`is_enabled`) VALUES (296,'MX-OAX','Oaxaca',160,0);
INSERT INTO `states` (`id`,`code`,`description`,`country_id`,`is_enabled`) VALUES (297,'MX-PUE','Puebla',160,0);
INSERT INTO `states` (`id`,`code`,`description`,`country_id`,`is_enabled`) VALUES (298,'MX-QUE','Querétaro Arteaga',160,0);
INSERT INTO `states` (`id`,`code`,`description`,`country_id`,`is_enabled`) VALUES (299,'MX-ROO','Quintana Roo',160,0);
INSERT INTO `states` (`id`,`code`,`description`,`country_id`,`is_enabled`) VALUES (300,'MX-SLP','San Luis Potosí',160,0);
INSERT INTO `states` (`id`,`code`,`description`,`country_id`,`is_enabled`) VALUES (301,'MX-SIN','Sinaloa',160,0);
INSERT INTO `states` (`id`,`code`,`description`,`country_id`,`is_enabled`) VALUES (302,'MX-SON','Sonora',160,0);
INSERT INTO `states` (`id`,`code`,`description`,`country_id`,`is_enabled`) VALUES (303,'MX-TAB','Tabasco',160,0);
INSERT INTO `states` (`id`,`code`,`description`,`country_id`,`is_enabled`) VALUES (304,'MX-TAM','Tamaulipas',160,0);
INSERT INTO `states` (`id`,`code`,`description`,`country_id`,`is_enabled`) VALUES (305,'MX-TLA','Tlaxcala',160,0);
INSERT INTO `states` (`id`,`code`,`description`,`country_id`,`is_enabled`) VALUES (306,'MX-VER','Veracruz-Llave',160,0);
INSERT INTO `states` (`id`,`code`,`description`,`country_id`,`is_enabled`) VALUES (307,'MX-YUC','Yucatán',160,0);
INSERT INTO `states` (`id`,`code`,`description`,`country_id`,`is_enabled`) VALUES (308,'MX-ZAC','Zacatecas',160,0);
INSERT INTO `states` (`id`,`code`,`description`,`country_id`,`is_enabled`) VALUES (309,'NI','Boaco',165,0);
INSERT INTO `states` (`id`,`code`,`description`,`country_id`,`is_enabled`) VALUES (310,'NI','Carazo',165,0);
INSERT INTO `states` (`id`,`code`,`description`,`country_id`,`is_enabled`) VALUES (311,'NI','Chinandega',165,0);
INSERT INTO `states` (`id`,`code`,`description`,`country_id`,`is_enabled`) VALUES (312,'NI','Chontales',165,0);
INSERT INTO `states` (`id`,`code`,`description`,`country_id`,`is_enabled`) VALUES (313,'NI','Esteli',165,0);
INSERT INTO `states` (`id`,`code`,`description`,`country_id`,`is_enabled`) VALUES (314,'NI','Granada',165,0);
INSERT INTO `states` (`id`,`code`,`description`,`country_id`,`is_enabled`) VALUES (315,'NI','Jinotega',165,0);
INSERT INTO `states` (`id`,`code`,`description`,`country_id`,`is_enabled`) VALUES (316,'NI','Leon',165,0);
INSERT INTO `states` (`id`,`code`,`description`,`country_id`,`is_enabled`) VALUES (317,'NI','Madriz',165,0);
INSERT INTO `states` (`id`,`code`,`description`,`country_id`,`is_enabled`) VALUES (318,'NI','Managua',165,0);
INSERT INTO `states` (`id`,`code`,`description`,`country_id`,`is_enabled`) VALUES (319,'NI','Masaya',165,0);
INSERT INTO `states` (`id`,`code`,`description`,`country_id`,`is_enabled`) VALUES (320,'NI','Matagalpa',165,0);
INSERT INTO `states` (`id`,`code`,`description`,`country_id`,`is_enabled`) VALUES (321,'NI','Nueva Segovia',165,0);
INSERT INTO `states` (`id`,`code`,`description`,`country_id`,`is_enabled`) VALUES (322,'NI','Region Autonoma Atlantico Norte',165,0);
INSERT INTO `states` (`id`,`code`,`description`,`country_id`,`is_enabled`) VALUES (323,'NI','Region Autonoma Atlantico Sur',165,0);
INSERT INTO `states` (`id`,`code`,`description`,`country_id`,`is_enabled`) VALUES (324,'NI','Rio San Juan',165,0);
INSERT INTO `states` (`id`,`code`,`description`,`country_id`,`is_enabled`) VALUES (325,'NI','Rivas',165,0);
INSERT INTO `states` (`id`,`code`,`description`,`country_id`,`is_enabled`) VALUES (326,'PA','Bocas del Toro',174,0);
INSERT INTO `states` (`id`,`code`,`description`,`country_id`,`is_enabled`) VALUES (327,'PA','Chiriqui',174,0);
INSERT INTO `states` (`id`,`code`,`description`,`country_id`,`is_enabled`) VALUES (328,'PA','Cocle',174,0);
INSERT INTO `states` (`id`,`code`,`description`,`country_id`,`is_enabled`) VALUES (329,'PA','Colón',174,0);
INSERT INTO `states` (`id`,`code`,`description`,`country_id`,`is_enabled`) VALUES (330,'PA','Darien',174,0);
INSERT INTO `states` (`id`,`code`,`description`,`country_id`,`is_enabled`) VALUES (331,'PA','Embera-Wounaan',174,0);
INSERT INTO `states` (`id`,`code`,`description`,`country_id`,`is_enabled`) VALUES (332,'PA','Herrera',174,0);
INSERT INTO `states` (`id`,`code`,`description`,`country_id`,`is_enabled`) VALUES (333,'PA','San Blas',174,0);
INSERT INTO `states` (`id`,`code`,`description`,`country_id`,`is_enabled`) VALUES (334,'PA','Los Santos',174,0);
INSERT INTO `states` (`id`,`code`,`description`,`country_id`,`is_enabled`) VALUES (335,'PA','Ngoebe-Bugle',174,0);
INSERT INTO `states` (`id`,`code`,`description`,`country_id`,`is_enabled`) VALUES (336,'PA','Panamá',174,0);
INSERT INTO `states` (`id`,`code`,`description`,`country_id`,`is_enabled`) VALUES (337,'PA','Veraguas',174,0);
INSERT INTO `states` (`id`,`code`,`description`,`country_id`,`is_enabled`) VALUES (338,'PY','Alto Paraguay',176,0);
INSERT INTO `states` (`id`,`code`,`description`,`country_id`,`is_enabled`) VALUES (339,'PY','Alto Parana',176,0);
INSERT INTO `states` (`id`,`code`,`description`,`country_id`,`is_enabled`) VALUES (340,'PY','Amambay',176,0);
INSERT INTO `states` (`id`,`code`,`description`,`country_id`,`is_enabled`) VALUES (341,'PY','Asuncion',176,0);
INSERT INTO `states` (`id`,`code`,`description`,`country_id`,`is_enabled`) VALUES (342,'PY','Boqueron',176,0);
INSERT INTO `states` (`id`,`code`,`description`,`country_id`,`is_enabled`) VALUES (343,'PY','Caaguazu',176,0);
INSERT INTO `states` (`id`,`code`,`description`,`country_id`,`is_enabled`) VALUES (344,'PY','Caazapa',176,0);
INSERT INTO `states` (`id`,`code`,`description`,`country_id`,`is_enabled`) VALUES (345,'PY','Canindeyu',176,0);
INSERT INTO `states` (`id`,`code`,`description`,`country_id`,`is_enabled`) VALUES (346,'PY','Central',176,0);
INSERT INTO `states` (`id`,`code`,`description`,`country_id`,`is_enabled`) VALUES (347,'PY','Concepcion',176,0);
INSERT INTO `states` (`id`,`code`,`description`,`country_id`,`is_enabled`) VALUES (348,'PY','Itapua',176,0);
INSERT INTO `states` (`id`,`code`,`description`,`country_id`,`is_enabled`) VALUES (349,'PY','l Guaira',176,0);
INSERT INTO `states` (`id`,`code`,`description`,`country_id`,`is_enabled`) VALUES (350,'PY','la Cordillera',176,0);
INSERT INTO `states` (`id`,`code`,`description`,`country_id`,`is_enabled`) VALUES (351,'PY','Misiones',176,0);
INSERT INTO `states` (`id`,`code`,`description`,`country_id`,`is_enabled`) VALUES (352,'PY','Neembucu',176,0);
INSERT INTO `states` (`id`,`code`,`description`,`country_id`,`is_enabled`) VALUES (353,'PY','Paraguari',176,0);
INSERT INTO `states` (`id`,`code`,`description`,`country_id`,`is_enabled`) VALUES (354,'PY','Presidente Hayes',176,0);
INSERT INTO `states` (`id`,`code`,`description`,`country_id`,`is_enabled`) VALUES (355,'PY','San Pedro',176,0);
INSERT INTO `states` (`id`,`code`,`description`,`country_id`,`is_enabled`) VALUES (356,'PE-AMA','Amazonas',177,0);
INSERT INTO `states` (`id`,`code`,`description`,`country_id`,`is_enabled`) VALUES (357,'PE-ANC','Ancash',177,0);
INSERT INTO `states` (`id`,`code`,`description`,`country_id`,`is_enabled`) VALUES (358,'PE-APU','Apurimac',177,0);
INSERT INTO `states` (`id`,`code`,`description`,`country_id`,`is_enabled`) VALUES (359,'PE-ARE','Arequipa',177,0);
INSERT INTO `states` (`id`,`code`,`description`,`country_id`,`is_enabled`) VALUES (360,'PE-AYA','Ayacucho',177,0);
INSERT INTO `states` (`id`,`code`,`description`,`country_id`,`is_enabled`) VALUES (361,'PE-CAJ','Cajamarca',177,0);
INSERT INTO `states` (`id`,`code`,`description`,`country_id`,`is_enabled`) VALUES (362,'PE-CAL','Callao',177,0);
INSERT INTO `states` (`id`,`code`,`description`,`country_id`,`is_enabled`) VALUES (363,'PE-CUS','Cusco',177,0);
INSERT INTO `states` (`id`,`code`,`description`,`country_id`,`is_enabled`) VALUES (364,'PE-HUV','Huancavelica',177,0);
INSERT INTO `states` (`id`,`code`,`description`,`country_id`,`is_enabled`) VALUES (365,'PE-ICA','Ica',177,0);
INSERT INTO `states` (`id`,`code`,`description`,`country_id`,`is_enabled`) VALUES (366,'PE-JUN','Junin',177,0);
INSERT INTO `states` (`id`,`code`,`description`,`country_id`,`is_enabled`) VALUES (367,'PE-LAL','La Libertad',177,0);
INSERT INTO `states` (`id`,`code`,`description`,`country_id`,`is_enabled`) VALUES (368,'PE-LAM','Lambayeque',177,0);
INSERT INTO `states` (`id`,`code`,`description`,`country_id`,`is_enabled`) VALUES (369,'PE-LIM','Lima',177,0);
INSERT INTO `states` (`id`,`code`,`description`,`country_id`,`is_enabled`) VALUES (370,'PE-LMA','Lima',177,0);
INSERT INTO `states` (`id`,`code`,`description`,`country_id`,`is_enabled`) VALUES (371,'PE-LOR','Loreto',177,0);
INSERT INTO `states` (`id`,`code`,`description`,`country_id`,`is_enabled`) VALUES (372,'PE-MDD','Madre de Dios',177,0);
INSERT INTO `states` (`id`,`code`,`description`,`country_id`,`is_enabled`) VALUES (373,'PE-MOR','Moquegua',177,0);
INSERT INTO `states` (`id`,`code`,`description`,`country_id`,`is_enabled`) VALUES (374,'PE-PAS','Pasco',177,0);
INSERT INTO `states` (`id`,`code`,`description`,`country_id`,`is_enabled`) VALUES (375,'PE-PIU','Piura',177,0);
INSERT INTO `states` (`id`,`code`,`description`,`country_id`,`is_enabled`) VALUES (376,'PE-PUN','Puno',177,0);
INSERT INTO `states` (`id`,`code`,`description`,`country_id`,`is_enabled`) VALUES (377,'PE-HUC','Region de Huanuco',177,0);
INSERT INTO `states` (`id`,`code`,`description`,`country_id`,`is_enabled`) VALUES (378,'PE-SAM','San Martín',177,0);
INSERT INTO `states` (`id`,`code`,`description`,`country_id`,`is_enabled`) VALUES (379,'PE-TAC','Tacna',177,0);
INSERT INTO `states` (`id`,`code`,`description`,`country_id`,`is_enabled`) VALUES (380,'PE-TUM','Tumbes',177,0);
INSERT INTO `states` (`id`,`code`,`description`,`country_id`,`is_enabled`) VALUES (381,'PE-UCA','Ucayali',177,0);
INSERT INTO `states` (`id`,`code`,`description`,`country_id`,`is_enabled`) VALUES (382,'PR','Adjuntas',181,0);
INSERT INTO `states` (`id`,`code`,`description`,`country_id`,`is_enabled`) VALUES (383,'PR','Aguada',181,0);
INSERT INTO `states` (`id`,`code`,`description`,`country_id`,`is_enabled`) VALUES (384,'PR','Aguadilla',181,0);
INSERT INTO `states` (`id`,`code`,`description`,`country_id`,`is_enabled`) VALUES (385,'PR','Aguas Buenas',181,0);
INSERT INTO `states` (`id`,`code`,`description`,`country_id`,`is_enabled`) VALUES (386,'PR','Aibonito',181,0);
INSERT INTO `states` (`id`,`code`,`description`,`country_id`,`is_enabled`) VALUES (387,'PR','Anasco',181,0);
INSERT INTO `states` (`id`,`code`,`description`,`country_id`,`is_enabled`) VALUES (388,'PR','Arecibo',181,0);
INSERT INTO `states` (`id`,`code`,`description`,`country_id`,`is_enabled`) VALUES (389,'PR','Arroyo',181,0);
INSERT INTO `states` (`id`,`code`,`description`,`country_id`,`is_enabled`) VALUES (390,'PR','Barceloneta',181,0);
INSERT INTO `states` (`id`,`code`,`description`,`country_id`,`is_enabled`) VALUES (391,'PR','Barranquitas',181,0);
INSERT INTO `states` (`id`,`code`,`description`,`country_id`,`is_enabled`) VALUES (392,'PR','Bayamon',181,0);
INSERT INTO `states` (`id`,`code`,`description`,`country_id`,`is_enabled`) VALUES (393,'PR','Cabo Rojo',181,0);
INSERT INTO `states` (`id`,`code`,`description`,`country_id`,`is_enabled`) VALUES (394,'PR','Caguas',181,0);
INSERT INTO `states` (`id`,`code`,`description`,`country_id`,`is_enabled`) VALUES (395,'PR','Camuy',181,0);
INSERT INTO `states` (`id`,`code`,`description`,`country_id`,`is_enabled`) VALUES (396,'PR','Canovanas',181,0);
INSERT INTO `states` (`id`,`code`,`description`,`country_id`,`is_enabled`) VALUES (397,'PR','Carolina',181,0);
INSERT INTO `states` (`id`,`code`,`description`,`country_id`,`is_enabled`) VALUES (398,'PR','Catano',181,0);
INSERT INTO `states` (`id`,`code`,`description`,`country_id`,`is_enabled`) VALUES (399,'PR','Cayey',181,0);
INSERT INTO `states` (`id`,`code`,`description`,`country_id`,`is_enabled`) VALUES (400,'PR','Ceiba',181,0);
INSERT INTO `states` (`id`,`code`,`description`,`country_id`,`is_enabled`) VALUES (401,'PR','Ciales',181,0);
INSERT INTO `states` (`id`,`code`,`description`,`country_id`,`is_enabled`) VALUES (402,'PR','Cidra',181,0);
INSERT INTO `states` (`id`,`code`,`description`,`country_id`,`is_enabled`) VALUES (403,'PR','Coamo',181,0);
INSERT INTO `states` (`id`,`code`,`description`,`country_id`,`is_enabled`) VALUES (404,'PR','Comerio',181,0);
INSERT INTO `states` (`id`,`code`,`description`,`country_id`,`is_enabled`) VALUES (405,'PR','Corozal',181,0);
INSERT INTO `states` (`id`,`code`,`description`,`country_id`,`is_enabled`) VALUES (406,'PR','Culebra',181,0);
INSERT INTO `states` (`id`,`code`,`description`,`country_id`,`is_enabled`) VALUES (407,'PR','Dorado',181,0);
INSERT INTO `states` (`id`,`code`,`description`,`country_id`,`is_enabled`) VALUES (408,'PR','Fajardo',181,0);
INSERT INTO `states` (`id`,`code`,`description`,`country_id`,`is_enabled`) VALUES (409,'PR','Florida',181,0);
INSERT INTO `states` (`id`,`code`,`description`,`country_id`,`is_enabled`) VALUES (410,'PR','Guanica',181,0);
INSERT INTO `states` (`id`,`code`,`description`,`country_id`,`is_enabled`) VALUES (411,'PR','Guayama',181,0);
INSERT INTO `states` (`id`,`code`,`description`,`country_id`,`is_enabled`) VALUES (412,'PR','Guayanilla',181,0);
INSERT INTO `states` (`id`,`code`,`description`,`country_id`,`is_enabled`) VALUES (413,'PR','Guaynabo',181,0);
INSERT INTO `states` (`id`,`code`,`description`,`country_id`,`is_enabled`) VALUES (414,'PR','Gurabo',181,0);
INSERT INTO `states` (`id`,`code`,`description`,`country_id`,`is_enabled`) VALUES (415,'PR','Hatillo',181,0);
INSERT INTO `states` (`id`,`code`,`description`,`country_id`,`is_enabled`) VALUES (416,'PR','Hormigueros',181,0);
INSERT INTO `states` (`id`,`code`,`description`,`country_id`,`is_enabled`) VALUES (417,'PR','Humacao',181,0);
INSERT INTO `states` (`id`,`code`,`description`,`country_id`,`is_enabled`) VALUES (418,'PR','Isabela',181,0);
INSERT INTO `states` (`id`,`code`,`description`,`country_id`,`is_enabled`) VALUES (419,'PR','Jayuya',181,0);
INSERT INTO `states` (`id`,`code`,`description`,`country_id`,`is_enabled`) VALUES (420,'PR','Juana Diaz',181,0);
INSERT INTO `states` (`id`,`code`,`description`,`country_id`,`is_enabled`) VALUES (421,'PR','Juncos',181,0);
INSERT INTO `states` (`id`,`code`,`description`,`country_id`,`is_enabled`) VALUES (422,'PR','Lajas',181,0);
INSERT INTO `states` (`id`,`code`,`description`,`country_id`,`is_enabled`) VALUES (423,'PR','Lares',181,0);
INSERT INTO `states` (`id`,`code`,`description`,`country_id`,`is_enabled`) VALUES (424,'PR','Las Marias',181,0);
INSERT INTO `states` (`id`,`code`,`description`,`country_id`,`is_enabled`) VALUES (425,'PR','Las Piedras',181,0);
INSERT INTO `states` (`id`,`code`,`description`,`country_id`,`is_enabled`) VALUES (426,'PR','Loiza',181,0);
INSERT INTO `states` (`id`,`code`,`description`,`country_id`,`is_enabled`) VALUES (427,'PR','Luquillo',181,0);
INSERT INTO `states` (`id`,`code`,`description`,`country_id`,`is_enabled`) VALUES (428,'PR','Manati',181,0);
INSERT INTO `states` (`id`,`code`,`description`,`country_id`,`is_enabled`) VALUES (429,'PR','Maricao',181,0);
INSERT INTO `states` (`id`,`code`,`description`,`country_id`,`is_enabled`) VALUES (430,'PR','Maunabo',181,0);
INSERT INTO `states` (`id`,`code`,`description`,`country_id`,`is_enabled`) VALUES (431,'PR','Mayagueez',181,0);
INSERT INTO `states` (`id`,`code`,`description`,`country_id`,`is_enabled`) VALUES (432,'PR','Moca',181,0);
INSERT INTO `states` (`id`,`code`,`description`,`country_id`,`is_enabled`) VALUES (433,'PR','Morovis',181,0);
INSERT INTO `states` (`id`,`code`,`description`,`country_id`,`is_enabled`) VALUES (434,'PR','Naguabo',181,0);
INSERT INTO `states` (`id`,`code`,`description`,`country_id`,`is_enabled`) VALUES (435,'PR','Naranjito',181,0);
INSERT INTO `states` (`id`,`code`,`description`,`country_id`,`is_enabled`) VALUES (436,'PR','Orocovis',181,0);
INSERT INTO `states` (`id`,`code`,`description`,`country_id`,`is_enabled`) VALUES (437,'PR','Patillas',181,0);
INSERT INTO `states` (`id`,`code`,`description`,`country_id`,`is_enabled`) VALUES (438,'PR','Penuelas',181,0);
INSERT INTO `states` (`id`,`code`,`description`,`country_id`,`is_enabled`) VALUES (439,'PR','Ponce',181,0);
INSERT INTO `states` (`id`,`code`,`description`,`country_id`,`is_enabled`) VALUES (440,'PR','Quebradillas',181,0);
INSERT INTO `states` (`id`,`code`,`description`,`country_id`,`is_enabled`) VALUES (441,'PR','Rincon',181,0);
INSERT INTO `states` (`id`,`code`,`description`,`country_id`,`is_enabled`) VALUES (442,'PR','Rio Grande',181,0);
INSERT INTO `states` (`id`,`code`,`description`,`country_id`,`is_enabled`) VALUES (443,'PR','Sabana Grande',181,0);
INSERT INTO `states` (`id`,`code`,`description`,`country_id`,`is_enabled`) VALUES (444,'PR','Salinas',181,0);
INSERT INTO `states` (`id`,`code`,`description`,`country_id`,`is_enabled`) VALUES (445,'PR','San German',181,0);
INSERT INTO `states` (`id`,`code`,`description`,`country_id`,`is_enabled`) VALUES (446,'PR','San Juan',181,0);
INSERT INTO `states` (`id`,`code`,`description`,`country_id`,`is_enabled`) VALUES (447,'PR','San Lorenzo',181,0);
INSERT INTO `states` (`id`,`code`,`description`,`country_id`,`is_enabled`) VALUES (448,'PR','San Sebastian',181,0);
INSERT INTO `states` (`id`,`code`,`description`,`country_id`,`is_enabled`) VALUES (449,'PR','Santa Isabel',181,0);
INSERT INTO `states` (`id`,`code`,`description`,`country_id`,`is_enabled`) VALUES (450,'PR','Toa Alta',181,0);
INSERT INTO `states` (`id`,`code`,`description`,`country_id`,`is_enabled`) VALUES (451,'PR','Toa Baja',181,0);
INSERT INTO `states` (`id`,`code`,`description`,`country_id`,`is_enabled`) VALUES (452,'PR','Trujillo Alto',181,0);
INSERT INTO `states` (`id`,`code`,`description`,`country_id`,`is_enabled`) VALUES (453,'PR','Utuado',181,0);
INSERT INTO `states` (`id`,`code`,`description`,`country_id`,`is_enabled`) VALUES (454,'PR','Vega Alta',181,0);
INSERT INTO `states` (`id`,`code`,`description`,`country_id`,`is_enabled`) VALUES (455,'PR','Vega Baja',181,0);
INSERT INTO `states` (`id`,`code`,`description`,`country_id`,`is_enabled`) VALUES (456,'PR','Vieques',181,0);
INSERT INTO `states` (`id`,`code`,`description`,`country_id`,`is_enabled`) VALUES (457,'PR','Villalba',181,0);
INSERT INTO `states` (`id`,`code`,`description`,`country_id`,`is_enabled`) VALUES (458,'PR','Yabucoa',181,0);
INSERT INTO `states` (`id`,`code`,`description`,`country_id`,`is_enabled`) VALUES (459,'PR','Yauco',181,0);
INSERT INTO `states` (`id`,`code`,`description`,`country_id`,`is_enabled`) VALUES (460,'DO','Azua',187,0);
INSERT INTO `states` (`id`,`code`,`description`,`country_id`,`is_enabled`) VALUES (461,'DO','Baoruco',187,0);
INSERT INTO `states` (`id`,`code`,`description`,`country_id`,`is_enabled`) VALUES (462,'DO','Barahona',187,0);
INSERT INTO `states` (`id`,`code`,`description`,`country_id`,`is_enabled`) VALUES (463,'DO','Dajabon',187,0);
INSERT INTO `states` (`id`,`code`,`description`,`country_id`,`is_enabled`) VALUES (464,'DO','Distrito Nacional',187,0);
INSERT INTO `states` (`id`,`code`,`description`,`country_id`,`is_enabled`) VALUES (465,'DO','Duarte',187,0);
INSERT INTO `states` (`id`,`code`,`description`,`country_id`,`is_enabled`) VALUES (466,'DO','El Seibo',187,0);
INSERT INTO `states` (`id`,`code`,`description`,`country_id`,`is_enabled`) VALUES (467,'DO','Elias Pina',187,0);
INSERT INTO `states` (`id`,`code`,`description`,`country_id`,`is_enabled`) VALUES (468,'DO','Espaillat',187,0);
INSERT INTO `states` (`id`,`code`,`description`,`country_id`,`is_enabled`) VALUES (469,'DO','Hato Mayor',187,0);
INSERT INTO `states` (`id`,`code`,`description`,`country_id`,`is_enabled`) VALUES (470,'DO','Hermanas Mirabal',187,0);
INSERT INTO `states` (`id`,`code`,`description`,`country_id`,`is_enabled`) VALUES (471,'DO','Independencia',187,0);
INSERT INTO `states` (`id`,`code`,`description`,`country_id`,`is_enabled`) VALUES (472,'DO','La Altagracia',187,0);
INSERT INTO `states` (`id`,`code`,`description`,`country_id`,`is_enabled`) VALUES (473,'DO','La Romana',187,0);
INSERT INTO `states` (`id`,`code`,`description`,`country_id`,`is_enabled`) VALUES (474,'DO','La Vega',187,0);
INSERT INTO `states` (`id`,`code`,`description`,`country_id`,`is_enabled`) VALUES (475,'DO','Maria Trinidad Sanchez',187,0);
INSERT INTO `states` (`id`,`code`,`description`,`country_id`,`is_enabled`) VALUES (476,'DO','Monsenor Nouel',187,0);
INSERT INTO `states` (`id`,`code`,`description`,`country_id`,`is_enabled`) VALUES (477,'DO','Monte Cristi',187,0);
INSERT INTO `states` (`id`,`code`,`description`,`country_id`,`is_enabled`) VALUES (478,'DO','Monte Plata',187,0);
INSERT INTO `states` (`id`,`code`,`description`,`country_id`,`is_enabled`) VALUES (479,'DO','Pedernales',187,0);
INSERT INTO `states` (`id`,`code`,`description`,`country_id`,`is_enabled`) VALUES (480,'DO','Peravia',187,0);
INSERT INTO `states` (`id`,`code`,`description`,`country_id`,`is_enabled`) VALUES (481,'DO','Puerto Plata',187,0);
INSERT INTO `states` (`id`,`code`,`description`,`country_id`,`is_enabled`) VALUES (482,'DO','Samana',187,0);
INSERT INTO `states` (`id`,`code`,`description`,`country_id`,`is_enabled`) VALUES (483,'DO','San Cristobal',187,0);
INSERT INTO `states` (`id`,`code`,`description`,`country_id`,`is_enabled`) VALUES (484,'DO','San Jose de Ocoa',187,0);
INSERT INTO `states` (`id`,`code`,`description`,`country_id`,`is_enabled`) VALUES (485,'DO','San Juan',187,0);
INSERT INTO `states` (`id`,`code`,`description`,`country_id`,`is_enabled`) VALUES (486,'DO','San Pedro de Macoris',187,0);
INSERT INTO `states` (`id`,`code`,`description`,`country_id`,`is_enabled`) VALUES (487,'DO','Sanchez Ramirez',187,0);
INSERT INTO `states` (`id`,`code`,`description`,`country_id`,`is_enabled`) VALUES (488,'DO','Santiago',187,0);
INSERT INTO `states` (`id`,`code`,`description`,`country_id`,`is_enabled`) VALUES (489,'DO','Santiago Rodriguez',187,0);
INSERT INTO `states` (`id`,`code`,`description`,`country_id`,`is_enabled`) VALUES (490,'DO','Santo Domingo',187,0);
INSERT INTO `states` (`id`,`code`,`description`,`country_id`,`is_enabled`) VALUES (491,'DO','Valverde',187,0);
INSERT INTO `states` (`id`,`code`,`description`,`country_id`,`is_enabled`) VALUES (492,'UY','Canelones',239,0);
INSERT INTO `states` (`id`,`code`,`description`,`country_id`,`is_enabled`) VALUES (493,'UY','Colonia',239,0);
INSERT INTO `states` (`id`,`code`,`description`,`country_id`,`is_enabled`) VALUES (494,'UY','Artigas',239,0);
INSERT INTO `states` (`id`,`code`,`description`,`country_id`,`is_enabled`) VALUES (495,'UY','Cerro Largo',239,0);
INSERT INTO `states` (`id`,`code`,`description`,`country_id`,`is_enabled`) VALUES (496,'UY','Florida',239,0);
INSERT INTO `states` (`id`,`code`,`description`,`country_id`,`is_enabled`) VALUES (497,'UY','Durazno',239,0);
INSERT INTO `states` (`id`,`code`,`description`,`country_id`,`is_enabled`) VALUES (498,'UY','Flores',239,0);
INSERT INTO `states` (`id`,`code`,`description`,`country_id`,`is_enabled`) VALUES (499,'UY','Lavalleja',239,0);
INSERT INTO `states` (`id`,`code`,`description`,`country_id`,`is_enabled`) VALUES (500,'UY','Maldonado',239,0);
INSERT INTO `states` (`id`,`code`,`description`,`country_id`,`is_enabled`) VALUES (501,'UY','Montevideo',239,0);
INSERT INTO `states` (`id`,`code`,`description`,`country_id`,`is_enabled`) VALUES (502,'UY','Paysandu',239,0);
INSERT INTO `states` (`id`,`code`,`description`,`country_id`,`is_enabled`) VALUES (503,'UY','Rio Negro',239,0);
INSERT INTO `states` (`id`,`code`,`description`,`country_id`,`is_enabled`) VALUES (504,'UY','Rivera',239,0);
INSERT INTO `states` (`id`,`code`,`description`,`country_id`,`is_enabled`) VALUES (505,'UY','Rocha',239,0);
INSERT INTO `states` (`id`,`code`,`description`,`country_id`,`is_enabled`) VALUES (506,'UY','Salto',239,0);
INSERT INTO `states` (`id`,`code`,`description`,`country_id`,`is_enabled`) VALUES (507,'UY','San Jose',239,0);
INSERT INTO `states` (`id`,`code`,`description`,`country_id`,`is_enabled`) VALUES (508,'UY','Soriano',239,0);
INSERT INTO `states` (`id`,`code`,`description`,`country_id`,`is_enabled`) VALUES (509,'UY','Tacuarembo',239,0);
INSERT INTO `states` (`id`,`code`,`description`,`country_id`,`is_enabled`) VALUES (510,'UY','Treinta y Tres',239,0);
INSERT INTO `states` (`id`,`code`,`description`,`country_id`,`is_enabled`) VALUES (511,'VE','Anzoátegui',242,0);
INSERT INTO `states` (`id`,`code`,`description`,`country_id`,`is_enabled`) VALUES (512,'VE','Aragua',242,0);
INSERT INTO `states` (`id`,`code`,`description`,`country_id`,`is_enabled`) VALUES (513,'VE','Barinas',242,0);
INSERT INTO `states` (`id`,`code`,`description`,`country_id`,`is_enabled`) VALUES (514,'VE','Bolívar',242,0);
INSERT INTO `states` (`id`,`code`,`description`,`country_id`,`is_enabled`) VALUES (515,'VE','Carabobo',242,0);
INSERT INTO `states` (`id`,`code`,`description`,`country_id`,`is_enabled`) VALUES (516,'VE','Caracas',242,0);
INSERT INTO `states` (`id`,`code`,`description`,`country_id`,`is_enabled`) VALUES (517,'VE','Delta Amacuro',242,0);
INSERT INTO `states` (`id`,`code`,`description`,`country_id`,`is_enabled`) VALUES (518,'VE','Dependencias Federales',242,0);
INSERT INTO `states` (`id`,`code`,`description`,`country_id`,`is_enabled`) VALUES (519,'VE','Apure',242,0);
INSERT INTO `states` (`id`,`code`,`description`,`country_id`,`is_enabled`) VALUES (520,'VE','Cojedes',242,0);
INSERT INTO `states` (`id`,`code`,`description`,`country_id`,`is_enabled`) VALUES (521,'VE','Coro',242,0);
INSERT INTO `states` (`id`,`code`,`description`,`country_id`,`is_enabled`) VALUES (522,'VE','Guárico',242,0);
INSERT INTO `states` (`id`,`code`,`description`,`country_id`,`is_enabled`) VALUES (523,'VE','Portuguesa',242,0);
INSERT INTO `states` (`id`,`code`,`description`,`country_id`,`is_enabled`) VALUES (524,'VE','Cumaná',242,0);
INSERT INTO `states` (`id`,`code`,`description`,`country_id`,`is_enabled`) VALUES (525,'VE','Táchira',242,0);
INSERT INTO `states` (`id`,`code`,`description`,`country_id`,`is_enabled`) VALUES (526,'VE','Estado Trujillo',242,0);
INSERT INTO `states` (`id`,`code`,`description`,`country_id`,`is_enabled`) VALUES (527,'VE','Estado Vargas',242,0);
INSERT INTO `states` (`id`,`code`,`description`,`country_id`,`is_enabled`) VALUES (528,'VE','Yaracuy',242,0);
INSERT INTO `states` (`id`,`code`,`description`,`country_id`,`is_enabled`) VALUES (529,'VE','Lara',242,0);
INSERT INTO `states` (`id`,`code`,`description`,`country_id`,`is_enabled`) VALUES (530,'VE','Mérida',242,0);
INSERT INTO `states` (`id`,`code`,`description`,`country_id`,`is_enabled`) VALUES (531,'VE','Miranda',242,0);
INSERT INTO `states` (`id`,`code`,`description`,`country_id`,`is_enabled`) VALUES (532,'VE','Monagas',242,0);
INSERT INTO `states` (`id`,`code`,`description`,`country_id`,`is_enabled`) VALUES (533,'VE','Nueva Esparta',242,0);
INSERT INTO `states` (`id`,`code`,`description`,`country_id`,`is_enabled`) VALUES (534,'VE','Amazonas',242,0);
INSERT INTO `states` (`id`,`code`,`description`,`country_id`,`is_enabled`) VALUES (535,'VE','Zulia',242,0);

/*
-- Query: SELECT * FROM singuia.cities
LIMIT 0, 1000

-- Date: 2014-09-27 13:01
*/
INSERT INTO `cities` (`id`,`code`,`description`,`is_enabled`,`state_id`) VALUES (1,'RHZOG','9 de Julio',0,1);
INSERT INTO `cities` (`id`,`code`,`description`,`is_enabled`,`state_id`) VALUES (2,'HXXQL','A. de la Cruz',0,1);
INSERT INTO `cities` (`id`,`code`,`description`,`is_enabled`,`state_id`) VALUES (3,'JUBXH','Abasto',0,1);
INSERT INTO `cities` (`id`,`code`,`description`,`is_enabled`,`state_id`) VALUES (4,'NKMLS','Abbott',0,1);
INSERT INTO `cities` (`id`,`code`,`description`,`is_enabled`,`state_id`) VALUES (5,'ZNAHB','Abel',0,1);
INSERT INTO `cities` (`id`,`code`,`description`,`is_enabled`,`state_id`) VALUES (6,'VQSES','Acassuso',0,1);
INSERT INTO `cities` (`id`,`code`,`description`,`is_enabled`,`state_id`) VALUES (7,'VJQNU','Acevedo',0,1);
INSERT INTO `cities` (`id`,`code`,`description`,`is_enabled`,`state_id`) VALUES (8,'OZWKF','Achupallas',0,1);
INSERT INTO `cities` (`id`,`code`,`description`,`is_enabled`,`state_id`) VALUES (9,'EFCRT','Adela',0,1);
INSERT INTO `cities` (`id`,`code`,`description`,`is_enabled`,`state_id`) VALUES (10,'UPLLK','Adolfo Gonzales Chaves',0,1);
INSERT INTO `cities` (`id`,`code`,`description`,`is_enabled`,`state_id`) VALUES (11,'ADROG','Adrogué',0,1);
INSERT INTO `cities` (`id`,`code`,`description`,`is_enabled`,`state_id`) VALUES (12,'IIENP','Agote',0,1);
INSERT INTO `cities` (`id`,`code`,`description`,`is_enabled`,`state_id`) VALUES (13,'SWPMM','Aguas Verdes',0,1);
INSERT INTO `cities` (`id`,`code`,`description`,`is_enabled`,`state_id`) VALUES (14,'XESJT','Agustin Roca',0,1);
INSERT INTO `cities` (`id`,`code`,`description`,`is_enabled`,`state_id`) VALUES (15,'FORTI','Agustina',0,1);
INSERT INTO `cities` (`id`,`code`,`description`,`is_enabled`,`state_id`) VALUES (16,'GTEAD','Alagón',0,1);
INSERT INTO `cities` (`id`,`code`,`description`,`is_enabled`,`state_id`) VALUES (17,'TJKCT','Alastuey',0,1);
INSERT INTO `cities` (`id`,`code`,`description`,`is_enabled`,`state_id`) VALUES (18,'YYUUA','Albariño',0,1);
INSERT INTO `cities` (`id`,`code`,`description`,`is_enabled`,`state_id`) VALUES (19,'GCEPD','Alberdi Viejo',0,1);
INSERT INTO `cities` (`id`,`code`,`description`,`is_enabled`,`state_id`) VALUES (20,'VPTNE','Alberti',0,1);
INSERT INTO `cities` (`id`,`code`,`description`,`is_enabled`,`state_id`) VALUES (21,'WJDMY','Aldea Romana',0,1);
INSERT INTO `cities` (`id`,`code`,`description`,`is_enabled`,`state_id`) VALUES (22,'PKBPY','Aldo Bonzi',0,1);
INSERT INTO `cities` (`id`,`code`,`description`,`is_enabled`,`state_id`) VALUES (23,'MOSQF','Alegre',0,1);
INSERT INTO `cities` (`id`,`code`,`description`,`is_enabled`,`state_id`) VALUES (24,'ZATZO','Alejandro Korn',0,1);
INSERT INTO `cities` (`id`,`code`,`description`,`is_enabled`,`state_id`) VALUES (25,'QGHNT','Alejandro Petión',0,1);
INSERT INTO `cities` (`id`,`code`,`description`,`is_enabled`,`state_id`) VALUES (26,'FCQAR','Alférez San Martín',0,1);
INSERT INTO `cities` (`id`,`code`,`description`,`is_enabled`,`state_id`) VALUES (27,'OJJYC','Algarrobo',0,1);
INSERT INTO `cities` (`id`,`code`,`description`,`is_enabled`,`state_id`) VALUES (28,'CYMWM','Almirante Brown',1,1);
INSERT INTO `cities` (`id`,`code`,`description`,`is_enabled`,`state_id`) VALUES (29,'SLMLT','Almirante Solier',0,1);
INSERT INTO `cities` (`id`,`code`,`description`,`is_enabled`,`state_id`) VALUES (30,'NSAHP','Alsina',0,1);
INSERT INTO `cities` (`id`,`code`,`description`,`is_enabled`,`state_id`) VALUES (31,'ZIKTW','Alta Vista',0,1);
INSERT INTO `cities` (`id`,`code`,`description`,`is_enabled`,`state_id`) VALUES (32,'IYRAK','Altamira',0,1);
INSERT INTO `cities` (`id`,`code`,`description`,`is_enabled`,`state_id`) VALUES (33,'ZFLYA','Altamirano',0,1);
INSERT INTO `cities` (`id`,`code`,`description`,`is_enabled`,`state_id`) VALUES (34,'VDPZN','Altona',0,1);
INSERT INTO `cities` (`id`,`code`,`description`,`is_enabled`,`state_id`) VALUES (35,'ZZNJM','Amalia',0,1);
INSERT INTO `cities` (`id`,`code`,`description`,`is_enabled`,`state_id`) VALUES (36,'KCHIG','Anasagasti',0,1);
INSERT INTO `cities` (`id`,`code`,`description`,`is_enabled`,`state_id`) VALUES (37,'NRJML','Ancón',0,1);
INSERT INTO `cities` (`id`,`code`,`description`,`is_enabled`,`state_id`) VALUES (38,'XLZHC','Andant',0,1);
INSERT INTO `cities` (`id`,`code`,`description`,`is_enabled`,`state_id`) VALUES (39,'BNCVQ','Anderson',0,1);
INSERT INTO `cities` (`id`,`code`,`description`,`is_enabled`,`state_id`) VALUES (40,'YYHJY','Antonio Carboni',0,1);
INSERT INTO `cities` (`id`,`code`,`description`,`is_enabled`,`state_id`) VALUES (41,'MXYLJ','Aparicio',0,1);
INSERT INTO `cities` (`id`,`code`,`description`,`is_enabled`,`state_id`) VALUES (42,'IIAUN','Apeadero Punke',0,1);
INSERT INTO `cities` (`id`,`code`,`description`,`is_enabled`,`state_id`) VALUES (43,'FXOQH','Aragón',0,1);
INSERT INTO `cities` (`id`,`code`,`description`,`is_enabled`,`state_id`) VALUES (44,'DKULK','Arana',0,1);
INSERT INTO `cities` (`id`,`code`,`description`,`is_enabled`,`state_id`) VALUES (45,'CGFKL','Arano',0,1);
INSERT INTO `cities` (`id`,`code`,`description`,`is_enabled`,`state_id`) VALUES (46,'ATYFS','Araujo',0,1);
INSERT INTO `cities` (`id`,`code`,`description`,`is_enabled`,`state_id`) VALUES (47,'IPCAA','Arboledas',0,1);
INSERT INTO `cities` (`id`,`code`,`description`,`is_enabled`,`state_id`) VALUES (48,'RDSSP','Arenaza',0,1);
INSERT INTO `cities` (`id`,`code`,`description`,`is_enabled`,`state_id`) VALUES (49,'MYBOE','Argerich',0,1);
INSERT INTO `cities` (`id`,`code`,`description`,`is_enabled`,`state_id`) VALUES (50,'SUMLJ','Ariel',0,1);
INSERT INTO `cities` (`id`,`code`,`description`,`is_enabled`,`state_id`) VALUES (51,'JIQWH','Arrecifes',0,1);
INSERT INTO `cities` (`id`,`code`,`description`,`is_enabled`,`state_id`) VALUES (52,'XNBVO','Arribenos',0,1);
INSERT INTO `cities` (`id`,`code`,`description`,`is_enabled`,`state_id`) VALUES (53,'JFMZA','Arroyo Corto',0,1);
INSERT INTO `cities` (`id`,`code`,`description`,`is_enabled`,`state_id`) VALUES (54,'PMCBW','Arroyo Dulce',0,1);
INSERT INTO `cities` (`id`,`code`,`description`,`is_enabled`,`state_id`) VALUES (55,'URGSW','Arroyo Venado',0,1);
INSERT INTO `cities` (`id`,`code`,`description`,`is_enabled`,`state_id`) VALUES (56,'UPMRW','Arroyo de la Cruz',0,1);
INSERT INTO `cities` (`id`,`code`,`description`,`is_enabled`,`state_id`) VALUES (57,'VDVYA','Arroyo de los Huesos',0,1);
INSERT INTO `cities` (`id`,`code`,`description`,`is_enabled`,`state_id`) VALUES (58,'NOQFD','Arroyo del Medio',0,1);
INSERT INTO `cities` (`id`,`code`,`description`,`is_enabled`,`state_id`) VALUES (59,'ARTSG','Arturo Segui',0,1);
INSERT INTO `cities` (`id`,`code`,`description`,`is_enabled`,`state_id`) VALUES (60,'XLJIA','Arturo Vatteone',0,1);
INSERT INTO `cities` (`id`,`code`,`description`,`is_enabled`,`state_id`) VALUES (61,'MXCEM','Asamblea',0,1);
INSERT INTO `cities` (`id`,`code`,`description`,`is_enabled`,`state_id`) VALUES (62,'FPISK','Ascension',0,1);
INSERT INTO `cities` (`id`,`code`,`description`,`is_enabled`,`state_id`) VALUES (63,'ANEUS','Asturias',0,1);
INSERT INTO `cities` (`id`,`code`,`description`,`is_enabled`,`state_id`) VALUES (64,'IWCMS','Atalaya',0,1);
INSERT INTO `cities` (`id`,`code`,`description`,`is_enabled`,`state_id`) VALUES (65,'NLVQX','Atilio Pessagno',0,1);
INSERT INTO `cities` (`id`,`code`,`description`,`is_enabled`,`state_id`) VALUES (66,'XOXSS','Atucha',0,1);
INSERT INTO `cities` (`id`,`code`,`description`,`is_enabled`,`state_id`) VALUES (67,'JSIXZ','Avellaneda',1,1);
INSERT INTO `cities` (`id`,`code`,`description`,`is_enabled`,`state_id`) VALUES (68,'EPATF','Avestruz',0,1);
INSERT INTO `cities` (`id`,`code`,`description`,`is_enabled`,`state_id`) VALUES (69,'OMWUZ','Ayacucho',0,1);
INSERT INTO `cities` (`id`,`code`,`description`,`is_enabled`,`state_id`) VALUES (70,'IMCDC','Azcuenaga',0,1);
INSERT INTO `cities` (`id`,`code`,`description`,`is_enabled`,`state_id`) VALUES (71,'UOOXT','Azopardo',0,1);
INSERT INTO `cities` (`id`,`code`,`description`,`is_enabled`,`state_id`) VALUES (72,'OIOZX','Azucena',0,1);
INSERT INTO `cities` (`id`,`code`,`description`,`is_enabled`,`state_id`) VALUES (73,'GWSVU','Azul',0,1);
INSERT INTO `cities` (`id`,`code`,`description`,`is_enabled`,`state_id`) VALUES (74,'BHI','Bahia Blanca',0,1);
INSERT INTO `cities` (`id`,`code`,`description`,`is_enabled`,`state_id`) VALUES (75,'HTGTN','Baigorrita',0,1);
INSERT INTO `cities` (`id`,`code`,`description`,`is_enabled`,`state_id`) VALUES (76,'XNZPW','Bajo Hondo',0,1);
INSERT INTO `cities` (`id`,`code`,`description`,`is_enabled`,`state_id`) VALUES (77,'BL1','Balcarce',0,1);
INSERT INTO `cities` (`id`,`code`,`description`,`is_enabled`,`state_id`) VALUES (78,'XJDWX','Balneario La Balandra',0,1);
INSERT INTO `cities` (`id`,`code`,`description`,`is_enabled`,`state_id`) VALUES (79,'DMYBW','Balneario Los Angles',0,1);
INSERT INTO `cities` (`id`,`code`,`description`,`is_enabled`,`state_id`) VALUES (80,'AZZKS','Balneario Mar Chiquita',0,1);
INSERT INTO `cities` (`id`,`code`,`description`,`is_enabled`,`state_id`) VALUES (81,'NNXYC','Balneario Oceano',0,1);
INSERT INTO `cities` (`id`,`code`,`description`,`is_enabled`,`state_id`) VALUES (82,'GBKVL','Balneario Orense',0,1);
INSERT INTO `cities` (`id`,`code`,`description`,`is_enabled`,`state_id`) VALUES (83,'UMUFM','Balneario Oriente',0,1);
INSERT INTO `cities` (`id`,`code`,`description`,`is_enabled`,`state_id`) VALUES (84,'GJSNI','Balneario Pehuen-Co',0,1);
INSERT INTO `cities` (`id`,`code`,`description`,`is_enabled`,`state_id`) VALUES (85,'OIUFI','Balneario Reta',0,1);
INSERT INTO `cities` (`id`,`code`,`description`,`is_enabled`,`state_id`) VALUES (86,'DHBHZ','Balneario Sauce Grande',0,1);
INSERT INTO `cities` (`id`,`code`,`description`,`is_enabled`,`state_id`) VALUES (87,'HLSAE','Balsa',0,1);
INSERT INTO `cities` (`id`,`code`,`description`,`is_enabled`,`state_id`) VALUES (88,'ZUSWS','Bancalari',0,1);
INSERT INTO `cities` (`id`,`code`,`description`,`is_enabled`,`state_id`) VALUES (89,'SHJTG','Banderaló',0,1);
INSERT INTO `cities` (`id`,`code`,`description`,`is_enabled`,`state_id`) VALUES (90,'PKTRK','Banfield',0,1);
INSERT INTO `cities` (`id`,`code`,`description`,`is_enabled`,`state_id`) VALUES (91,'TJGFZ','Baradero',0,1);
INSERT INTO `cities` (`id`,`code`,`description`,`is_enabled`,`state_id`) VALUES (92,'FDZWH','Barker',0,1);
INSERT INTO `cities` (`id`,`code`,`description`,`is_enabled`,`state_id`) VALUES (93,'HVZAV','Barrio Colinas Verdes',0,1);
INSERT INTO `cities` (`id`,`code`,`description`,`is_enabled`,`state_id`) VALUES (94,'EQAZG','Barrio de Suboficiales',0,1);
INSERT INTO `cities` (`id`,`code`,`description`,`is_enabled`,`state_id`) VALUES (95,'IQRPL','Barrow',0,1);
INSERT INTO `cities` (`id`,`code`,`description`,`is_enabled`,`state_id`) VALUES (96,'RHFPT','Batan',0,1);
INSERT INTO `cities` (`id`,`code`,`description`,`is_enabled`,`state_id`) VALUES (97,'STSWO','Bathurst',0,1);
INSERT INTO `cities` (`id`,`code`,`description`,`is_enabled`,`state_id`) VALUES (98,'FGCDJ','Baudrix',0,1);
INSERT INTO `cities` (`id`,`code`,`description`,`is_enabled`,`state_id`) VALUES (99,'IQLAV','Bayauca',0,1);
INSERT INTO `cities` (`id`,`code`,`description`,`is_enabled`,`state_id`) VALUES (100,'GMBZA','Beccar',0,1);
INSERT INTO `cities` (`id`,`code`,`description`,`is_enabled`,`state_id`) VALUES (101,'GECIR','Bella Vista',0,1);
INSERT INTO `cities` (`id`,`code`,`description`,`is_enabled`,`state_id`) VALUES (102,'XIYVE','Bellocq',0,1);
INSERT INTO `cities` (`id`,`code`,`description`,`is_enabled`,`state_id`) VALUES (103,'PNOLQ','Benavidez',0,1);
INSERT INTO `cities` (`id`,`code`,`description`,`is_enabled`,`state_id`) VALUES (104,'RTQUI','Benito Juárez',0,1);
INSERT INTO `cities` (`id`,`code`,`description`,`is_enabled`,`state_id`) VALUES (105,'QYZLN','Benítez',0,1);
INSERT INTO `cities` (`id`,`code`,`description`,`is_enabled`,`state_id`) VALUES (106,'BEFNE','Berazategui',1,1);
INSERT INTO `cities` (`id`,`code`,`description`,`is_enabled`,`state_id`) VALUES (107,'UMGDO','Berdier',0,1);
INSERT INTO `cities` (`id`,`code`,`description`,`is_enabled`,`state_id`) VALUES (108,'HUHMX','Berisso',0,1);
INSERT INTO `cities` (`id`,`code`,`description`,`is_enabled`,`state_id`) VALUES (109,'VNFDB','Bermúdez',0,1);
INSERT INTO `cities` (`id`,`code`,`description`,`is_enabled`,`state_id`) VALUES (110,'JFDYU','Bernal',0,1);
INSERT INTO `cities` (`id`,`code`,`description`,`is_enabled`,`state_id`) VALUES (111,'ENKLV','Berraondo',0,1);
INSERT INTO `cities` (`id`,`code`,`description`,`is_enabled`,`state_id`) VALUES (112,'TFHEG','Berutti',0,1);
INSERT INTO `cities` (`id`,`code`,`description`,`is_enabled`,`state_id`) VALUES (113,'RHFJB','Billinghurst',0,1);
INSERT INTO `cities` (`id`,`code`,`description`,`is_enabled`,`state_id`) VALUES (114,'LNIUK','Blanca Grande',0,1);
INSERT INTO `cities` (`id`,`code`,`description`,`is_enabled`,`state_id`) VALUES (115,'KLAKN','Blandengues',0,1);
INSERT INTO `cities` (`id`,`code`,`description`,`is_enabled`,`state_id`) VALUES (116,'QRTFU','Blaquier',0,1);
INSERT INTO `cities` (`id`,`code`,`description`,`is_enabled`,`state_id`) VALUES (117,'XLWPK','Blas Durañona',0,1);
INSERT INTO `cities` (`id`,`code`,`description`,`is_enabled`,`state_id`) VALUES (118,'STMEI','Bocayuva',0,1);
INSERT INTO `cities` (`id`,`code`,`description`,`is_enabled`,`state_id`) VALUES (119,'EFTKA','Bonnement',0,1);
INSERT INTO `cities` (`id`,`code`,`description`,`is_enabled`,`state_id`) VALUES (120,'KALKQ','Bordenave',0,1);
INSERT INTO `cities` (`id`,`code`,`description`,`is_enabled`,`state_id`) VALUES (121,'VNKJZ','Bordeu',0,1);
INSERT INTO `cities` (`id`,`code`,`description`,`is_enabled`,`state_id`) VALUES (122,'LPDPQ','Bosch',0,1);
INSERT INTO `cities` (`id`,`code`,`description`,`is_enabled`,`state_id`) VALUES (123,'MVYXB','Bosques',0,1);
INSERT INTO `cities` (`id`,`code`,`description`,`is_enabled`,`state_id`) VALUES (124,'PPBRH','Boulevard Atlántico',0,1);
INSERT INTO `cities` (`id`,`code`,`description`,`is_enabled`,`state_id`) VALUES (125,'DRCIL','Boulogne',0,1);
INSERT INTO `cities` (`id`,`code`,`description`,`is_enabled`,`state_id`) VALUES (126,'COJKE','Bragado',0,1);
INSERT INTO `cities` (`id`,`code`,`description`,`is_enabled`,`state_id`) VALUES (127,'NUDPS','Buchanan',0,1);
INSERT INTO `cities` (`id`,`code`,`description`,`is_enabled`,`state_id`) VALUES (128,'FQERL','Burzaco',0,1);
INSERT INTO `cities` (`id`,`code`,`description`,`is_enabled`,`state_id`) VALUES (129,'PGNOT','Cabildo',0,1);
INSERT INTO `cities` (`id`,`code`,`description`,`is_enabled`,`state_id`) VALUES (130,'AYAZI','Cachari',0,1);
INSERT INTO `cities` (`id`,`code`,`description`,`is_enabled`,`state_id`) VALUES (131,'TTIYU','Cadret',0,1);
INSERT INTO `cities` (`id`,`code`,`description`,`is_enabled`,`state_id`) VALUES (132,'YIWPK','Calderón',0,1);
INSERT INTO `cities` (`id`,`code`,`description`,`is_enabled`,`state_id`) VALUES (133,'CZJOS','Calera Avellaneda',0,1);
INSERT INTO `cities` (`id`,`code`,`description`,`is_enabled`,`state_id`) VALUES (134,'LPBHB','Calfucurá',0,1);
INSERT INTO `cities` (`id`,`code`,`description`,`is_enabled`,`state_id`) VALUES (135,'QJFSC','Calvo',0,1);
INSERT INTO `cities` (`id`,`code`,`description`,`is_enabled`,`state_id`) VALUES (136,'VGHPJ','Cambaceres',0,1);
INSERT INTO `cities` (`id`,`code`,`description`,`is_enabled`,`state_id`) VALUES (137,'PEWUW','Camet',0,1);
INSERT INTO `cities` (`id`,`code`,`description`,`is_enabled`,`state_id`) VALUES (138,'CP1','Campana',0,1);
INSERT INTO `cities` (`id`,`code`,`description`,`is_enabled`,`state_id`) VALUES (139,'HOKVB','Campanopolis',0,1);
INSERT INTO `cities` (`id`,`code`,`description`,`is_enabled`,`state_id`) VALUES (140,'VGZOH','Campodónico',0,1);
INSERT INTO `cities` (`id`,`code`,`description`,`is_enabled`,`state_id`) VALUES (141,'BIOFN','Campos Salles',0,1);
INSERT INTO `cities` (`id`,`code`,`description`,`is_enabled`,`state_id`) VALUES (142,'GMPYE','Cangallo',0,1);
INSERT INTO `cities` (`id`,`code`,`description`,`is_enabled`,`state_id`) VALUES (143,'KZXXI','Canning',0,1);
INSERT INTO `cities` (`id`,`code`,`description`,`is_enabled`,`state_id`) VALUES (144,'JEWPQ','Cantera Aguirre',0,1);
INSERT INTO `cities` (`id`,`code`,`description`,`is_enabled`,`state_id`) VALUES (145,'IUASO','Canónigo Gorriti',0,1);
INSERT INTO `cities` (`id`,`code`,`description`,`is_enabled`,`state_id`) VALUES (146,'KBYYB','Capilla del Senor',0,1);
INSERT INTO `cities` (`id`,`code`,`description`,`is_enabled`,`state_id`) VALUES (147,'IHNOB','Capitan Sarmiento',0,1);
INSERT INTO `cities` (`id`,`code`,`description`,`is_enabled`,`state_id`) VALUES (148,'EPRPM','Capitán Castro',0,1);
INSERT INTO `cities` (`id`,`code`,`description`,`is_enabled`,`state_id`) VALUES (149,'ZBQWW','Carabelas',0,1);
INSERT INTO `cities` (`id`,`code`,`description`,`is_enabled`,`state_id`) VALUES (150,'YORDZ','Carapachay',0,1);
INSERT INTO `cities` (`id`,`code`,`description`,`is_enabled`,`state_id`) VALUES (151,'BOTPK','Caraza',0,1);
INSERT INTO `cities` (`id`,`code`,`description`,`is_enabled`,`state_id`) VALUES (152,'SKPBZ','Cardenal Cagliero',0,1);
INSERT INTO `cities` (`id`,`code`,`description`,`is_enabled`,`state_id`) VALUES (153,'ZDQRA','Carhue',0,1);
INSERT INTO `cities` (`id`,`code`,`description`,`is_enabled`,`state_id`) VALUES (154,'CA6','Cariló',0,1);
INSERT INTO `cities` (`id`,`code`,`description`,`is_enabled`,`state_id`) VALUES (155,'QDNHI','Carlos Begueríe',0,1);
INSERT INTO `cities` (`id`,`code`,`description`,`is_enabled`,`state_id`) VALUES (156,'GQJEG','Carlos Casares',0,1);
INSERT INTO `cities` (`id`,`code`,`description`,`is_enabled`,`state_id`) VALUES (157,'SBWXQ','Carlos Keen',0,1);
INSERT INTO `cities` (`id`,`code`,`description`,`is_enabled`,`state_id`) VALUES (158,'YJESJ','Carlos María Naón',0,1);
INSERT INTO `cities` (`id`,`code`,`description`,`is_enabled`,`state_id`) VALUES (159,'EBHEK','Carlos Salas',0,1);
INSERT INTO `cities` (`id`,`code`,`description`,`is_enabled`,`state_id`) VALUES (160,'GAFUR','Carlos Tejedor',0,1);
INSERT INTO `cities` (`id`,`code`,`description`,`is_enabled`,`state_id`) VALUES (161,'SNMGJ','Carmen de Areco',0,1);
INSERT INTO `cities` (`id`,`code`,`description`,`is_enabled`,`state_id`) VALUES (162,'CPG','Carmen de Patagones',0,1);
INSERT INTO `cities` (`id`,`code`,`description`,`is_enabled`,`state_id`) VALUES (163,'ODCZU','Casalins',0,1);
INSERT INTO `cities` (`id`,`code`,`description`,`is_enabled`,`state_id`) VALUES (164,'YZGSE','Casbas',0,1);
INSERT INTO `cities` (`id`,`code`,`description`,`is_enabled`,`state_id`) VALUES (165,'UHLDK','Cascada',0,1);
INSERT INTO `cities` (`id`,`code`,`description`,`is_enabled`,`state_id`) VALUES (166,'QLTXC','Caseros',0,1);
INSERT INTO `cities` (`id`,`code`,`description`,`is_enabled`,`state_id`) VALUES (167,'CKFUO','Casey',0,1);
INSERT INTO `cities` (`id`,`code`,`description`,`is_enabled`,`state_id`) VALUES (168,'WENGN','Castelar',0,1);
INSERT INTO `cities` (`id`,`code`,`description`,`is_enabled`,`state_id`) VALUES (169,'GLOJR','Castelli',0,1);
INSERT INTO `cities` (`id`,`code`,`description`,`is_enabled`,`state_id`) VALUES (170,'ZDITA','Castilla',0,1);
INSERT INTO `cities` (`id`,`code`,`description`,`is_enabled`,`state_id`) VALUES (171,'VFCNS','Cazón',0,1);
INSERT INTO `cities` (`id`,`code`,`description`,`is_enabled`,`state_id`) VALUES (172,'JJIEW','Cañada Seca',0,1);
INSERT INTO `cities` (`id`,`code`,`description`,`is_enabled`,`state_id`) VALUES (173,'CL9','Cañuelas',1,1);
INSERT INTO `cities` (`id`,`code`,`description`,`is_enabled`,`state_id`) VALUES (174,'RMSZU','Centenario',0,1);
INSERT INTO `cities` (`id`,`code`,`description`,`is_enabled`,`state_id`) VALUES (175,'TKDTB','Centinela del Mar',0,1);
INSERT INTO `cities` (`id`,`code`,`description`,`is_enabled`,`state_id`) VALUES (176,'KUQAU','Centro Guerrero',0,1);
INSERT INTO `cities` (`id`,`code`,`description`,`is_enabled`,`state_id`) VALUES (177,'MCQEW','Centro Urquiza',0,1);
INSERT INTO `cities` (`id`,`code`,`description`,`is_enabled`,`state_id`) VALUES (178,'WLPGS','Cerrito',0,1);
INSERT INTO `cities` (`id`,`code`,`description`,`is_enabled`,`state_id`) VALUES (179,'OPLJX','Cerro Negro',0,1);
INSERT INTO `cities` (`id`,`code`,`description`,`is_enabled`,`state_id`) VALUES (180,'MUBKM','Cerro Sotuyo',0,1);
INSERT INTO `cities` (`id`,`code`,`description`,`is_enabled`,`state_id`) VALUES (181,'PHXFZ','Cerro de la Gloria',0,1);
INSERT INTO `cities` (`id`,`code`,`description`,`is_enabled`,`state_id`) VALUES (182,'GVELC','Chacabuco',0,1);
INSERT INTO `cities` (`id`,`code`,`description`,`is_enabled`,`state_id`) VALUES (183,'XSMWU','Chancay',0,1);
INSERT INTO `cities` (`id`,`code`,`description`,`is_enabled`,`state_id`) VALUES (184,'FIVQT','Chapadmalal',0,1);
INSERT INTO `cities` (`id`,`code`,`description`,`is_enabled`,`state_id`) VALUES (185,'XFNHW','Chapaleofú',0,1);
INSERT INTO `cities` (`id`,`code`,`description`,`is_enabled`,`state_id`) VALUES (186,'USECS','Chas',0,1);
INSERT INTO `cities` (`id`,`code`,`description`,`is_enabled`,`state_id`) VALUES (187,'CH7','Chascomus',0,1);
INSERT INTO `cities` (`id`,`code`,`description`,`is_enabled`,`state_id`) VALUES (188,'EJGHY','Chasico',0,1);
INSERT INTO `cities` (`id`,`code`,`description`,`is_enabled`,`state_id`) VALUES (189,'AYSVL','Chenaut',0,1);
INSERT INTO `cities` (`id`,`code`,`description`,`is_enabled`,`state_id`) VALUES (190,'XLTDR','Chiclana',0,1);
INSERT INTO `cities` (`id`,`code`,`description`,`is_enabled`,`state_id`) VALUES (191,'ZXOYO','Chillar',0,1);
INSERT INTO `cities` (`id`,`code`,`description`,`is_enabled`,`state_id`) VALUES (192,'LVTUJ','Chivilcoy',0,1);
INSERT INTO `cities` (`id`,`code`,`description`,`is_enabled`,`state_id`) VALUES (193,'RXPCS','Choiqué',0,1);
INSERT INTO `cities` (`id`,`code`,`description`,`is_enabled`,`state_id`) VALUES (194,'KIJMP','City Bell',0,1);
INSERT INTO `cities` (`id`,`code`,`description`,`is_enabled`,`state_id`) VALUES (195,'RTQTL','Ciudad General Belgrano',0,1);
INSERT INTO `cities` (`id`,`code`,`description`,`is_enabled`,`state_id`) VALUES (196,'TETMR','Ciudadela',0,1);
INSERT INTO `cities` (`id`,`code`,`description`,`is_enabled`,`state_id`) VALUES (197,'CYVPW','Claraz',0,1);
INSERT INTO `cities` (`id`,`code`,`description`,`is_enabled`,`state_id`) VALUES (198,'CL5','Claromeco',0,1);
INSERT INTO `cities` (`id`,`code`,`description`,`is_enabled`,`state_id`) VALUES (199,'YMKWM','Claudio Molina',0,1);
INSERT INTO `cities` (`id`,`code`,`description`,`is_enabled`,`state_id`) VALUES (200,'AAIMK','Claypole',0,1);
INSERT INTO `cities` (`id`,`code`,`description`,`is_enabled`,`state_id`) VALUES (201,'PRVRR','Cobo',0,1);
INSERT INTO `cities` (`id`,`code`,`description`,`is_enabled`,`state_id`) VALUES (202,'TONVQ','Cochrane',0,1);
INSERT INTO `cities` (`id`,`code`,`description`,`is_enabled`,`state_id`) VALUES (203,'SOVCD','Coliqueo',0,1);
INSERT INTO `cities` (`id`,`code`,`description`,`is_enabled`,`state_id`) VALUES (204,'YRHZV','Colon',0,1);
INSERT INTO `cities` (`id`,`code`,`description`,`is_enabled`,`state_id`) VALUES (205,'OVOBE','Colonia Barragán',0,1);
INSERT INTO `cities` (`id`,`code`,`description`,`is_enabled`,`state_id`) VALUES (206,'ZQWST','Colonia Chapadmalal',0,1);
INSERT INTO `cities` (`id`,`code`,`description`,`is_enabled`,`state_id`) VALUES (207,'RAUHI','Colonia Hinojo',0,1);
INSERT INTO `cities` (`id`,`code`,`description`,`is_enabled`,`state_id`) VALUES (208,'PWNLP','Colonia Hogar Ricardo Gutiérrez',0,1);
INSERT INTO `cities` (`id`,`code`,`description`,`is_enabled`,`state_id`) VALUES (209,'XPNVB','Colonia Martín Fierro',0,1);
INSERT INTO `cities` (`id`,`code`,`description`,`is_enabled`,`state_id`) VALUES (210,'LAIUE','Colonia Mauricio',0,1);
INSERT INTO `cities` (`id`,`code`,`description`,`is_enabled`,`state_id`) VALUES (211,'NIVTZ','Colonia Monte La Plata',0,1);
INSERT INTO `cities` (`id`,`code`,`description`,`is_enabled`,`state_id`) VALUES (212,'XGIFN','Colonia Nieves',0,1);
INSERT INTO `cities` (`id`,`code`,`description`,`is_enabled`,`state_id`) VALUES (213,'ISLON','Colonia San Martín',0,1);
INSERT INTO `cities` (`id`,`code`,`description`,`is_enabled`,`state_id`) VALUES (214,'YHBQI','Colonia San Miguel',0,1);
INSERT INTO `cities` (`id`,`code`,`description`,`is_enabled`,`state_id`) VALUES (215,'TVBNN','Colonia San Miguel Arcangel',0,1);
INSERT INTO `cities` (`id`,`code`,`description`,`is_enabled`,`state_id`) VALUES (216,'EWNPM','Colonia San Pedro',0,1);
INSERT INTO `cities` (`id`,`code`,`description`,`is_enabled`,`state_id`) VALUES (217,'TADIH','Colonia Santa Rosa',0,1);
INSERT INTO `cities` (`id`,`code`,`description`,`is_enabled`,`state_id`) VALUES (218,'VHKMC','Colonia Seré',0,1);
INSERT INTO `cities` (`id`,`code`,`description`,`is_enabled`,`state_id`) VALUES (219,'PPKBM','Colonia Vignaud',0,1);
INSERT INTO `cities` (`id`,`code`,`description`,`is_enabled`,`state_id`) VALUES (220,'DUSQQ','Colonia Vélaz',0,1);
INSERT INTO `cities` (`id`,`code`,`description`,`is_enabled`,`state_id`) VALUES (221,'CDXCY','Comandante Giribone',0,1);
INSERT INTO `cities` (`id`,`code`,`description`,`is_enabled`,`state_id`) VALUES (222,'MYROI','Comandante Nicanor Otamendi',0,1);
INSERT INTO `cities` (`id`,`code`,`description`,`is_enabled`,`state_id`) VALUES (223,'FLBMP','Comodoro Py',0,1);
INSERT INTO `cities` (`id`,`code`,`description`,`is_enabled`,`state_id`) VALUES (224,'TVRFW','Condarco',0,1);
INSERT INTO `cities` (`id`,`code`,`description`,`is_enabled`,`state_id`) VALUES (225,'FBRAG','Conesa',0,1);
INSERT INTO `cities` (`id`,`code`,`description`,`is_enabled`,`state_id`) VALUES (226,'XMKBL','Coraceros',0,1);
INSERT INTO `cities` (`id`,`code`,`description`,`is_enabled`,`state_id`) VALUES (227,'QHAYS','Corazzi',0,1);
INSERT INTO `cities` (`id`,`code`,`description`,`is_enabled`,`state_id`) VALUES (228,'YTNAM','Corbett',0,1);
INSERT INTO `cities` (`id`,`code`,`description`,`is_enabled`,`state_id`) VALUES (229,'EKAHK','Coronel Boerr',0,1);
INSERT INTO `cities` (`id`,`code`,`description`,`is_enabled`,`state_id`) VALUES (230,'BD3','Coronel Brandsen',0,1);
INSERT INTO `cities` (`id`,`code`,`description`,`is_enabled`,`state_id`) VALUES (231,'KYXNP','Coronel Charlone',0,1);
INSERT INTO `cities` (`id`,`code`,`description`,`is_enabled`,`state_id`) VALUES (232,'WDTWE','Coronel Dorrego',0,1);
INSERT INTO `cities` (`id`,`code`,`description`,`is_enabled`,`state_id`) VALUES (233,'UWXYQ','Coronel Falcón',0,1);
INSERT INTO `cities` (`id`,`code`,`description`,`is_enabled`,`state_id`) VALUES (234,'ORANE','Coronel Granada',0,1);
INSERT INTO `cities` (`id`,`code`,`description`,`is_enabled`,`state_id`) VALUES (235,'XVZFT','Coronel Isleño',0,1);
INSERT INTO `cities` (`id`,`code`,`description`,`is_enabled`,`state_id`) VALUES (236,'JARPM','Coronel Martínez de Hoz',0,1);
INSERT INTO `cities` (`id`,`code`,`description`,`is_enabled`,`state_id`) VALUES (237,'SHLXN','Coronel Mom',0,1);
INSERT INTO `cities` (`id`,`code`,`description`,`is_enabled`,`state_id`) VALUES (238,'JPORI','Coronel Pringles',0,1);
INSERT INTO `cities` (`id`,`code`,`description`,`is_enabled`,`state_id`) VALUES (239,'LWYUA','Coronel Rodolfo Bunge',0,1);
INSERT INTO `cities` (`id`,`code`,`description`,`is_enabled`,`state_id`) VALUES (240,'LYEHE','Coronel Seguí',0,1);
INSERT INTO `cities` (`id`,`code`,`description`,`is_enabled`,`state_id`) VALUES (241,'CS7','Coronel Suarez',0,1);
INSERT INTO `cities` (`id`,`code`,`description`,`is_enabled`,`state_id`) VALUES (242,'KNLWU','Coronel Vidal',0,1);
INSERT INTO `cities` (`id`,`code`,`description`,`is_enabled`,`state_id`) VALUES (243,'LIPCL','Corti',0,1);
INSERT INTO `cities` (`id`,`code`,`description`,`is_enabled`,`state_id`) VALUES (244,'IMLWI','Cortines',0,1);
INSERT INTO `cities` (`id`,`code`,`description`,`is_enabled`,`state_id`) VALUES (245,'MPNQK','Costa Bonita',0,1);
INSERT INTO `cities` (`id`,`code`,`description`,`is_enabled`,`state_id`) VALUES (246,'AUHHC','Costa Chica',0,1);
INSERT INTO `cities` (`id`,`code`,`description`,`is_enabled`,`state_id`) VALUES (247,'CSTES','Costa Esmeralda',0,1);
INSERT INTO `cities` (`id`,`code`,`description`,`is_enabled`,`state_id`) VALUES (248,'CE3','Costa del este',0,1);
INSERT INTO `cities` (`id`,`code`,`description`,`is_enabled`,`state_id`) VALUES (249,'LFEIG','Covello',0,1);
INSERT INTO `cities` (`id`,`code`,`description`,`is_enabled`,`state_id`) VALUES (250,'GTOUU','Cristiano Muerto',0,1);
INSERT INTO `cities` (`id`,`code`,`description`,`is_enabled`,`state_id`) VALUES (251,'IFDXD','Crotto',0,1);
INSERT INTO `cities` (`id`,`code`,`description`,`is_enabled`,`state_id`) VALUES (252,'LBNZI','Cuatro de Noviembre',0,1);
INSERT INTO `cities` (`id`,`code`,`description`,`is_enabled`,`state_id`) VALUES (253,'OZCLI','Cucha Cucha',0,1);
INSERT INTO `cities` (`id`,`code`,`description`,`is_enabled`,`state_id`) VALUES (254,'KBSBD','Cucullú',0,1);
INSERT INTO `cities` (`id`,`code`,`description`,`is_enabled`,`state_id`) VALUES (255,'EAKQU','Cura Malal',0,1);
INSERT INTO `cities` (`id`,`code`,`description`,`is_enabled`,`state_id`) VALUES (256,'WBDRH','Curarú',0,1);
INSERT INTO `cities` (`id`,`code`,`description`,`is_enabled`,`state_id`) VALUES (257,'KUJUB','Daireaux',0,1);
INSERT INTO `cities` (`id`,`code`,`description`,`is_enabled`,`state_id`) VALUES (258,'OYSJC','Darregueira',0,1);
INSERT INTO `cities` (`id`,`code`,`description`,`is_enabled`,`state_id`) VALUES (259,'SSWZB','De Bary',0,1);
INSERT INTO `cities` (`id`,`code`,`description`,`is_enabled`,`state_id`) VALUES (260,'DHAII','De La Canal',0,1);
INSERT INTO `cities` (`id`,`code`,`description`,`is_enabled`,`state_id`) VALUES (261,'ZGEZN','De la Garma',0,1);
INSERT INTO `cities` (`id`,`code`,`description`,`is_enabled`,`state_id`) VALUES (262,'DJOFG','Defferrari',0,1);
INSERT INTO `cities` (`id`,`code`,`description`,`is_enabled`,`state_id`) VALUES (263,'VOHOQ','Del Carril',0,1);
INSERT INTO `cities` (`id`,`code`,`description`,`is_enabled`,`state_id`) VALUES (264,'IFPCF','Del Valle',0,1);
INSERT INTO `cities` (`id`,`code`,`description`,`is_enabled`,`state_id`) VALUES (265,'DMRRA','Del Viso',0,1);
INSERT INTO `cities` (`id`,`code`,`description`,`is_enabled`,`state_id`) VALUES (266,'ACQJV','Delfín Huergo',0,1);
INSERT INTO `cities` (`id`,`code`,`description`,`is_enabled`,`state_id`) VALUES (267,'HCBQM','Delgado',0,1);
INSERT INTO `cities` (`id`,`code`,`description`,`is_enabled`,`state_id`) VALUES (268,'TANPM','Delta del Tigre',0,1);
INSERT INTO `cities` (`id`,`code`,`description`,`is_enabled`,`state_id`) VALUES (269,'KNYAS','Dennehy',0,1);
INSERT INTO `cities` (`id`,`code`,`description`,`is_enabled`,`state_id`) VALUES (270,'AUVOM','Diamante',0,1);
INSERT INTO `cities` (`id`,`code`,`description`,`is_enabled`,`state_id`) VALUES (271,'KNWSA','Diecisiete de Agosto',0,1);
INSERT INTO `cities` (`id`,`code`,`description`,`is_enabled`,`state_id`) VALUES (272,'JLZBX','Dieciséis de Julio',0,1);
INSERT INTO `cities` (`id`,`code`,`description`,`is_enabled`,`state_id`) VALUES (273,'PWKNS','Diego Gaynor',0,1);
INSERT INTO `cities` (`id`,`code`,`description`,`is_enabled`,`state_id`) VALUES (274,'PKLXO','Dique Lujan',0,1);
INSERT INTO `cities` (`id`,`code`,`description`,`is_enabled`,`state_id`) VALUES (275,'JPYDD','Doce de Agosto',0,1);
INSERT INTO `cities` (`id`,`code`,`description`,`is_enabled`,`state_id`) VALUES (276,'MASGG','Doce de Octubre',0,1);
INSERT INTO `cities` (`id`,`code`,`description`,`is_enabled`,`state_id`) VALUES (277,'WDOWI','Dock Sud',0,1);
INSERT INTO `cities` (`id`,`code`,`description`,`is_enabled`,`state_id`) VALUES (278,'YQYWT','Doctor Domingo Harosteguy',0,1);
INSERT INTO `cities` (`id`,`code`,`description`,`is_enabled`,`state_id`) VALUES (279,'XSCPD','Dolores',0,1);
INSERT INTO `cities` (`id`,`code`,`description`,`is_enabled`,`state_id`) VALUES (280,'QJOCM','Domselaar',0,1);
INSERT INTO `cities` (`id`,`code`,`description`,`is_enabled`,`state_id`) VALUES (281,'NUGEC','Don Bosco',0,1);
INSERT INTO `cities` (`id`,`code`,`description`,`is_enabled`,`state_id`) VALUES (282,'ZCOHC','Don Cipriano',0,1);
INSERT INTO `cities` (`id`,`code`,`description`,`is_enabled`,`state_id`) VALUES (283,'HPZIQ','Don Torcuato',0,1);
INSERT INTO `cities` (`id`,`code`,`description`,`is_enabled`,`state_id`) VALUES (284,'EGXUE','Dos Naciones',0,1);
INSERT INTO `cities` (`id`,`code`,`description`,`is_enabled`,`state_id`) VALUES (285,'LOTFQ','Doyhenard',0,1);
INSERT INTO `cities` (`id`,`code`,`description`,`is_enabled`,`state_id`) VALUES (286,'NDKLQ','Drabble',0,1);
INSERT INTO `cities` (`id`,`code`,`description`,`is_enabled`,`state_id`) VALUES (287,'ZPZYG','Drysdale',0,1);
INSERT INTO `cities` (`id`,`code`,`description`,`is_enabled`,`state_id`) VALUES (288,'HHWJY','Ducós',0,1);
INSERT INTO `cities` (`id`,`code`,`description`,`is_enabled`,`state_id`) VALUES (289,'AAVKL','Dudignac',0,1);
INSERT INTO `cities` (`id`,`code`,`description`,`is_enabled`,`state_id`) VALUES (290,'IRJGH','Dufaur',0,1);
INSERT INTO `cities` (`id`,`code`,`description`,`is_enabled`,`state_id`) VALUES (291,'NBIEB','Duggan',0,1);
INSERT INTO `cities` (`id`,`code`,`description`,`is_enabled`,`state_id`) VALUES (292,'BNEUJ','Durañona',0,1);
INSERT INTO `cities` (`id`,`code`,`description`,`is_enabled`,`state_id`) VALUES (293,'QPXTK','Dussaud',0,1);
INSERT INTO `cities` (`id`,`code`,`description`,`is_enabled`,`state_id`) VALUES (294,'TUFAA','D’Orbigny',0,1);
INSERT INTO `cities` (`id`,`code`,`description`,`is_enabled`,`state_id`) VALUES (295,'AQKYE','Edmundo B. Perkins',0,1);
INSERT INTO `cities` (`id`,`code`,`description`,`is_enabled`,`state_id`) VALUES (296,'ECONB','Eduardo Costa',0,1);
INSERT INTO `cities` (`id`,`code`,`description`,`is_enabled`,`state_id`) VALUES (297,'MXUJG','Egana',0,1);
INSERT INTO `cities` (`id`,`code`,`description`,`is_enabled`,`state_id`) VALUES (298,'OAIII','El Arbolito',0,1);
INSERT INTO `cities` (`id`,`code`,`description`,`is_enabled`,`state_id`) VALUES (299,'TNDWR','El Boquerón',0,1);
INSERT INTO `cities` (`id`,`code`,`description`,`is_enabled`,`state_id`) VALUES (300,'UZNQI','El Coyunco',0,1);
INSERT INTO `cities` (`id`,`code`,`description`,`is_enabled`,`state_id`) VALUES (301,'CYWOF','El Divisorio',0,1);
INSERT INTO `cities` (`id`,`code`,`description`,`is_enabled`,`state_id`) VALUES (302,'VKTMF','El Dorado',0,1);
INSERT INTO `cities` (`id`,`code`,`description`,`is_enabled`,`state_id`) VALUES (303,'TTMYH','El Jabalí',0,1);
INSERT INTO `cities` (`id`,`code`,`description`,`is_enabled`,`state_id`) VALUES (304,'JAGUE','El Jagüel',0,1);
INSERT INTO `cities` (`id`,`code`,`description`,`is_enabled`,`state_id`) VALUES (305,'MXJAF','El Lenguaraz',0,1);
INSERT INTO `cities` (`id`,`code`,`description`,`is_enabled`,`state_id`) VALUES (306,'GCNYZ','El Mangrullo',0,1);
INSERT INTO `cities` (`id`,`code`,`description`,`is_enabled`,`state_id`) VALUES (307,'JKMKM','El Moro',0,1);
INSERT INTO `cities` (`id`,`code`,`description`,`is_enabled`,`state_id`) VALUES (308,'EXKOC','El Palomar',0,1);
INSERT INTO `cities` (`id`,`code`,`description`,`is_enabled`,`state_id`) VALUES (309,'QISHX','El Paraíso',0,1);
INSERT INTO `cities` (`id`,`code`,`description`,`is_enabled`,`state_id`) VALUES (310,'TGUBD','El Parche',0,1);
INSERT INTO `cities` (`id`,`code`,`description`,`is_enabled`,`state_id`) VALUES (311,'XZZXI','El Pensamiento',0,1);
INSERT INTO `cities` (`id`,`code`,`description`,`is_enabled`,`state_id`) VALUES (312,'BJVFM','El Porvenir',0,1);
INSERT INTO `cities` (`id`,`code`,`description`,`is_enabled`,`state_id`) VALUES (313,'DCOBL','El Recado',0,1);
INSERT INTO `cities` (`id`,`code`,`description`,`is_enabled`,`state_id`) VALUES (314,'PIAYE','El Sauce',0,1);
INSERT INTO `cities` (`id`,`code`,`description`,`is_enabled`,`state_id`) VALUES (315,'TXRVL','El Socorro',0,1);
INSERT INTO `cities` (`id`,`code`,`description`,`is_enabled`,`state_id`) VALUES (316,'GGGAM','El Talar de Pacheco',0,1);
INSERT INTO `cities` (`id`,`code`,`description`,`is_enabled`,`state_id`) VALUES (317,'MSJFA','El Tejar',0,1);
INSERT INTO `cities` (`id`,`code`,`description`,`is_enabled`,`state_id`) VALUES (318,'GQCWN','El Trigo',0,1);
INSERT INTO `cities` (`id`,`code`,`description`,`is_enabled`,`state_id`) VALUES (319,'NLIPT','El Triunfo',0,1);
INSERT INTO `cities` (`id`,`code`,`description`,`is_enabled`,`state_id`) VALUES (320,'UDCLV','El Verano',0,1);
INSERT INTO `cities` (`id`,`code`,`description`,`is_enabled`,`state_id`) VALUES (321,'AODTB','El Zorro',0,1);
INSERT INTO `cities` (`id`,`code`,`description`,`is_enabled`,`state_id`) VALUES (322,'RUCZB','Eldía',0,1);
INSERT INTO `cities` (`id`,`code`,`description`,`is_enabled`,`state_id`) VALUES (323,'MGNJG','Elordi',0,1);
INSERT INTO `cities` (`id`,`code`,`description`,`is_enabled`,`state_id`) VALUES (324,'YNYYA','Elvira',0,1);
INSERT INTO `cities` (`id`,`code`,`description`,`is_enabled`,`state_id`) VALUES (325,'QUJHS','Elías Romero',0,1);
INSERT INTO `cities` (`id`,`code`,`description`,`is_enabled`,`state_id`) VALUES (326,'OZVTI','Emiliano Reynoso',0,1);
INSERT INTO `cities` (`id`,`code`,`description`,`is_enabled`,`state_id`) VALUES (327,'LCNLJ','Emilio Ayarza',0,1);
INSERT INTO `cities` (`id`,`code`,`description`,`is_enabled`,`state_id`) VALUES (328,'HGTZK','Emilio Lamarca',0,1);
INSERT INTO `cities` (`id`,`code`,`description`,`is_enabled`,`state_id`) VALUES (329,'SBRGS','Emilio V. Bunge',0,1);
INSERT INTO `cities` (`id`,`code`,`description`,`is_enabled`,`state_id`) VALUES (330,'PXVFT','Emita',0,1);
INSERT INTO `cities` (`id`,`code`,`description`,`is_enabled`,`state_id`) VALUES (331,'EIFNV','Emma',0,1);
INSERT INTO `cities` (`id`,`code`,`description`,`is_enabled`,`state_id`) VALUES (332,'ZZECL','Empalme Lobos',0,1);
INSERT INTO `cities` (`id`,`code`,`description`,`is_enabled`,`state_id`) VALUES (333,'VMWEJ','Empalme San Vicente',0,1);
INSERT INTO `cities` (`id`,`code`,`description`,`is_enabled`,`state_id`) VALUES (334,'PYTNC','Encina',0,1);
INSERT INTO `cities` (`id`,`code`,`description`,`is_enabled`,`state_id`) VALUES (335,'LMHKV','Energía',0,1);
INSERT INTO `cities` (`id`,`code`,`description`,`is_enabled`,`state_id`) VALUES (336,'YFQQL','Enrique Fynn',0,1);
INSERT INTO `cities` (`id`,`code`,`description`,`is_enabled`,`state_id`) VALUES (337,'MROVW','Enrique Lavalle',0,1);
INSERT INTO `cities` (`id`,`code`,`description`,`is_enabled`,`state_id`) VALUES (338,'KXLWG','Ensenada',0,1);
INSERT INTO `cities` (`id`,`code`,`description`,`is_enabled`,`state_id`) VALUES (339,'WMDMX','Ensenada Berisso',0,1);
INSERT INTO `cities` (`id`,`code`,`description`,`is_enabled`,`state_id`) VALUES (340,'GFGYS','Erize',0,1);
INSERT INTO `cities` (`id`,`code`,`description`,`is_enabled`,`state_id`) VALUES (341,'IOIQH','Ernestina',0,1);
INSERT INTO `cities` (`id`,`code`,`description`,`is_enabled`,`state_id`) VALUES (342,'XHCOE','Eréscano',0,1);
INSERT INTO `cities` (`id`,`code`,`description`,`is_enabled`,`state_id`) VALUES (343,'POTWI','Escalada',0,1);
INSERT INTO `cities` (`id`,`code`,`description`,`is_enabled`,`state_id`) VALUES (344,'EC1','Escobar',1,1);
INSERT INTO `cities` (`id`,`code`,`description`,`is_enabled`,`state_id`) VALUES (345,'JWHNP','Escuela Italiana Colegio Da Vinci',0,1);
INSERT INTO `cities` (`id`,`code`,`description`,`is_enabled`,`state_id`) VALUES (346,'POBLR','Espartillar',0,1);
INSERT INTO `cities` (`id`,`code`,`description`,`is_enabled`,`state_id`) VALUES (347,'WXMDN','Espigas',0,1);
INSERT INTO `cities` (`id`,`code`,`description`,`is_enabled`,`state_id`) VALUES (348,'ZSFMC','Espora',0,1);
INSERT INTO `cities` (`id`,`code`,`description`,`is_enabled`,`state_id`) VALUES (349,'GSEYX','Esquina Negra',0,1);
INSERT INTO `cities` (`id`,`code`,`description`,`is_enabled`,`state_id`) VALUES (350,'LSCJW','Estacion Ramallo',0,1);
INSERT INTO `cities` (`id`,`code`,`description`,`is_enabled`,`state_id`) VALUES (351,'JFSQU','Estación Arenales',0,1);
INSERT INTO `cities` (`id`,`code`,`description`,`is_enabled`,`state_id`) VALUES (352,'AGQFB','Estación El Jabali',0,1);
INSERT INTO `cities` (`id`,`code`,`description`,`is_enabled`,`state_id`) VALUES (353,'RFNGK','Estanislao S. Zeballos',0,1);
INSERT INTO `cities` (`id`,`code`,`description`,`is_enabled`,`state_id`) VALUES (354,'QEZRD','Esteban Agustín Gascón',0,1);
INSERT INTO `cities` (`id`,`code`,`description`,`is_enabled`,`state_id`) VALUES (355,'AOXOP','Esteban Echeverria',1,1);
INSERT INTO `cities` (`id`,`code`,`description`,`is_enabled`,`state_id`) VALUES (356,'KTBGX','Esteban de Luca',0,1);
INSERT INTO `cities` (`id`,`code`,`description`,`is_enabled`,`state_id`) VALUES (357,'EFFDR','Estela',0,1);
INSERT INTO `cities` (`id`,`code`,`description`,`is_enabled`,`state_id`) VALUES (358,'OXPMD','Esther',0,1);
INSERT INTO `cities` (`id`,`code`,`description`,`is_enabled`,`state_id`) VALUES (359,'BDVBW','Estomba',0,1);
INSERT INTO `cities` (`id`,`code`,`description`,`is_enabled`,`state_id`) VALUES (360,'KZKRU','Estrugamou',0,1);
INSERT INTO `cities` (`id`,`code`,`description`,`is_enabled`,`state_id`) VALUES (361,'QSMLI','Etchegoyen',0,1);
INSERT INTO `cities` (`id`,`code`,`description`,`is_enabled`,`state_id`) VALUES (362,'EZ1','Ezeiza',1,1);
INSERT INTO `cities` (`id`,`code`,`description`,`is_enabled`,`state_id`) VALUES (363,'BKBVG','Ezpeleta',0,1);
INSERT INTO `cities` (`id`,`code`,`description`,`is_enabled`,`state_id`) VALUES (364,'HMRRS','Fair',0,1);
INSERT INTO `cities` (`id`,`code`,`description`,`is_enabled`,`state_id`) VALUES (365,'VHBUM','Faro',0,1);
INSERT INTO `cities` (`id`,`code`,`description`,`is_enabled`,`state_id`) VALUES (366,'ZBVBB','Fatima',0,1);
INSERT INTO `cities` (`id`,`code`,`description`,`is_enabled`,`state_id`) VALUES (367,'IVQSG','Fatraló',0,1);
INSERT INTO `cities` (`id`,`code`,`description`,`is_enabled`,`state_id`) VALUES (368,'KWKGT','Fauzón',0,1);
INSERT INTO `cities` (`id`,`code`,`description`,`is_enabled`,`state_id`) VALUES (369,'FSAUB','Felipe Solá',0,1);
INSERT INTO `cities` (`id`,`code`,`description`,`is_enabled`,`state_id`) VALUES (370,'UHQTQ','Ferré',0,1);
INSERT INTO `cities` (`id`,`code`,`description`,`is_enabled`,`state_id`) VALUES (371,'EXKMZ','Fiorito',0,1);
INSERT INTO `cities` (`id`,`code`,`description`,`is_enabled`,`state_id`) VALUES (372,'WZDQO','Florencio Varela',1,1);
INSERT INTO `cities` (`id`,`code`,`description`,`is_enabled`,`state_id`) VALUES (373,'SLYZV','Florentino Ameghino',0,1);
INSERT INTO `cities` (`id`,`code`,`description`,`is_enabled`,`state_id`) VALUES (374,'HASTR','Florida',0,1);
INSERT INTO `cities` (`id`,`code`,`description`,`is_enabled`,`state_id`) VALUES (375,'IXVJV','Florida Oeste',0,1);
INSERT INTO `cities` (`id`,`code`,`description`,`is_enabled`,`state_id`) VALUES (376,'DAHNK','Fontezuela',0,1);
INSERT INTO `cities` (`id`,`code`,`description`,`is_enabled`,`state_id`) VALUES (377,'ZOAOB','Fortín Acha',0,1);
INSERT INTO `cities` (`id`,`code`,`description`,`is_enabled`,`state_id`) VALUES (378,'YYMDB','Fortín Olavarría',0,1);
INSERT INTO `cities` (`id`,`code`,`description`,`is_enabled`,`state_id`) VALUES (379,'GYAMC','Fortín Tiburcio',0,1);
INSERT INTO `cities` (`id`,`code`,`description`,`is_enabled`,`state_id`) VALUES (380,'APJZX','Fortín Vigilancia',0,1);
INSERT INTO `cities` (`id`,`code`,`description`,`is_enabled`,`state_id`) VALUES (381,'DIMIH','Francisco A. Berra',0,1);
INSERT INTO `cities` (`id`,`code`,`description`,`is_enabled`,`state_id`) VALUES (382,'GUUMW','Francisco Alvarez',0,1);
INSERT INTO `cities` (`id`,`code`,`description`,`is_enabled`,`state_id`) VALUES (383,'BHYPC','Francisco Ayerza',0,1);
INSERT INTO `cities` (`id`,`code`,`description`,`is_enabled`,`state_id`) VALUES (384,'POXBY','Francisco Madero',0,1);
INSERT INTO `cities` (`id`,`code`,`description`,`is_enabled`,`state_id`) VALUES (385,'SQTIQ','Francisco Magnano',0,1);
INSERT INTO `cities` (`id`,`code`,`description`,`is_enabled`,`state_id`) VALUES (386,'FSCED','Francisco de Victoria',0,1);
INSERT INTO `cities` (`id`,`code`,`description`,`is_enabled`,`state_id`) VALUES (387,'ZNXSM','Franklin',0,1);
INSERT INTO `cities` (`id`,`code`,`description`,`is_enabled`,`state_id`) VALUES (388,'ROJGU','French',0,1);
INSERT INTO `cities` (`id`,`code`,`description`,`is_enabled`,`state_id`) VALUES (389,'QRYAY','Fulton',0,1);
INSERT INTO `cities` (`id`,`code`,`description`,`is_enabled`,`state_id`) VALUES (390,'DQGDL','Gahan',0,1);
INSERT INTO `cities` (`id`,`code`,`description`,`is_enabled`,`state_id`) VALUES (391,'LFATJ','Galo Llorente',0,1);
INSERT INTO `cities` (`id`,`code`,`description`,`is_enabled`,`state_id`) VALUES (392,'PCXJN','García del Río',0,1);
INSERT INTO `cities` (`id`,`code`,`description`,`is_enabled`,`state_id`) VALUES (393,'IDPVA','Gardey',0,1);
INSERT INTO `cities` (`id`,`code`,`description`,`is_enabled`,`state_id`) VALUES (394,'LTEVM','Garin',0,1);
INSERT INTO `cities` (`id`,`code`,`description`,`is_enabled`,`state_id`) VALUES (395,'EGOFC','Garré',0,1);
INSERT INTO `cities` (`id`,`code`,`description`,`is_enabled`,`state_id`) VALUES (396,'DARPE','General Alvear',0,1);
INSERT INTO `cities` (`id`,`code`,`description`,`is_enabled`,`state_id`) VALUES (397,'STRIY','General Arenales',0,1);
INSERT INTO `cities` (`id`,`code`,`description`,`is_enabled`,`state_id`) VALUES (398,'MADGY','General Belgrano',0,1);
INSERT INTO `cities` (`id`,`code`,`description`,`is_enabled`,`state_id`) VALUES (399,'EHSEP','General Conesa',0,1);
INSERT INTO `cities` (`id`,`code`,`description`,`is_enabled`,`state_id`) VALUES (400,'NWRJA','General Daniel Cerri',0,1);
INSERT INTO `cities` (`id`,`code`,`description`,`is_enabled`,`state_id`) VALUES (401,'ECYDY','General Guido',0,1);
INSERT INTO `cities` (`id`,`code`,`description`,`is_enabled`,`state_id`) VALUES (402,'DXQWV','General Hornos',0,1);
INSERT INTO `cities` (`id`,`code`,`description`,`is_enabled`,`state_id`) VALUES (403,'JM3','General Juan Madariaga',0,1);
INSERT INTO `cities` (`id`,`code`,`description`,`is_enabled`,`state_id`) VALUES (404,'AKUYU','General La Madrid',0,1);
INSERT INTO `cities` (`id`,`code`,`description`,`is_enabled`,`state_id`) VALUES (405,'VNOOT','General Las Heras',0,1);
INSERT INTO `cities` (`id`,`code`,`description`,`is_enabled`,`state_id`) VALUES (406,'TZZFG','General Lavalle',0,1);
INSERT INTO `cities` (`id`,`code`,`description`,`is_enabled`,`state_id`) VALUES (407,'VZVLK','General Mansilla',0,1);
INSERT INTO `cities` (`id`,`code`,`description`,`is_enabled`,`state_id`) VALUES (408,'TKFZS','General OBrien',0,1);
INSERT INTO `cities` (`id`,`code`,`description`,`is_enabled`,`state_id`) VALUES (409,'POYRF','General Pacheco',0,1);
INSERT INTO `cities` (`id`,`code`,`description`,`is_enabled`,`state_id`) VALUES (410,'GWLQI','General Pinto',0,1);
INSERT INTO `cities` (`id`,`code`,`description`,`is_enabled`,`state_id`) VALUES (411,'YAETE','General Pirán',0,1);
INSERT INTO `cities` (`id`,`code`,`description`,`is_enabled`,`state_id`) VALUES (412,'AQYXU','General Rodriguez',1,1);
INSERT INTO `cities` (`id`,`code`,`description`,`is_enabled`,`state_id`) VALUES (413,'XYEPC','General Rojo',0,1);
INSERT INTO `cities` (`id`,`code`,`description`,`is_enabled`,`state_id`) VALUES (414,'DVAOI','General Rondeau',0,1);
INSERT INTO `cities` (`id`,`code`,`description`,`is_enabled`,`state_id`) VALUES (415,'JDLSZ','General San Martín',1,1);
INSERT INTO `cities` (`id`,`code`,`description`,`is_enabled`,`state_id`) VALUES (416,'LNSRX','General Viamonte',0,1);
INSERT INTO `cities` (`id`,`code`,`description`,`is_enabled`,`state_id`) VALUES (417,'VGS','General Villega',0,1);
INSERT INTO `cities` (`id`,`code`,`description`,`is_enabled`,`state_id`) VALUES (418,'NBYPS','Gerente Cilley',0,1);
INSERT INTO `cities` (`id`,`code`,`description`,`is_enabled`,`state_id`) VALUES (419,'HLGAL','Gerli',0,1);
INSERT INTO `cities` (`id`,`code`,`description`,`is_enabled`,`state_id`) VALUES (420,'BJFXU','Germania',0,1);
INSERT INTO `cities` (`id`,`code`,`description`,`is_enabled`,`state_id`) VALUES (421,'IBVBK','Gil',0,1);
INSERT INTO `cities` (`id`,`code`,`description`,`is_enabled`,`state_id`) VALUES (422,'LJRWB','Girodias',0,1);
INSERT INTO `cities` (`id`,`code`,`description`,`is_enabled`,`state_id`) VALUES (423,'UJYRE','Girondo',0,1);
INSERT INTO `cities` (`id`,`code`,`description`,`is_enabled`,`state_id`) VALUES (424,'PCNEJ','Glew',0,1);
INSERT INTO `cities` (`id`,`code`,`description`,`is_enabled`,`state_id`) VALUES (425,'GUSUI','Gnecco',0,1);
INSERT INTO `cities` (`id`,`code`,`description`,`is_enabled`,`state_id`) VALUES (426,'BZKQM','Gobernador Andonaegui',0,1);
INSERT INTO `cities` (`id`,`code`,`description`,`is_enabled`,`state_id`) VALUES (427,'LQTOC','Gobernador Arias',0,1);
INSERT INTO `cities` (`id`,`code`,`description`,`is_enabled`,`state_id`) VALUES (428,'SYTTP','Gobernador Castro',0,1);
INSERT INTO `cities` (`id`,`code`,`description`,`is_enabled`,`state_id`) VALUES (429,'RTBBK','Gobernador Monteverde',0,1);
INSERT INTO `cities` (`id`,`code`,`description`,`is_enabled`,`state_id`) VALUES (430,'NIKPJ','Gobernador Obligado',0,1);
INSERT INTO `cities` (`id`,`code`,`description`,`is_enabled`,`state_id`) VALUES (431,'FCBVF','Gobernador Udaondo',0,1);
INSERT INTO `cities` (`id`,`code`,`description`,`is_enabled`,`state_id`) VALUES (432,'KDXEM','Gobernador Ugarte',0,1);
INSERT INTO `cities` (`id`,`code`,`description`,`is_enabled`,`state_id`) VALUES (433,'ARQSS','Goldney',0,1);
INSERT INTO `cities` (`id`,`code`,`description`,`is_enabled`,`state_id`) VALUES (434,'IJZJK','Gondra',0,1);
INSERT INTO `cities` (`id`,`code`,`description`,`is_enabled`,`state_id`) VALUES (435,'PVZOD','Gonzalez Catan',0,1);
INSERT INTO `cities` (`id`,`code`,`description`,`is_enabled`,`state_id`) VALUES (436,'KBQXB','González Moreno',0,1);
INSERT INTO `cities` (`id`,`code`,`description`,`is_enabled`,`state_id`) VALUES (437,'JCZST','González Risos',0,1);
INSERT INTO `cities` (`id`,`code`,`description`,`is_enabled`,`state_id`) VALUES (438,'GHIRY','Gorchs',0,1);
INSERT INTO `cities` (`id`,`code`,`description`,`is_enabled`,`state_id`) VALUES (439,'EUZPP','Gorostiaga',0,1);
INSERT INTO `cities` (`id`,`code`,`description`,`is_enabled`,`state_id`) VALUES (440,'SZBXL','Gouin',0,1);
INSERT INTO `cities` (`id`,`code`,`description`,`is_enabled`,`state_id`) VALUES (441,'PWVNQ','Gowland',0,1);
INSERT INTO `cities` (`id`,`code`,`description`,`is_enabled`,`state_id`) VALUES (442,'EPNYC','Goyena',0,1);
INSERT INTO `cities` (`id`,`code`,`description`,`is_enabled`,`state_id`) VALUES (443,'DDWDE','Goyeneche',0,1);
INSERT INTO `cities` (`id`,`code`,`description`,`is_enabled`,`state_id`) VALUES (444,'NXWDF','Graciarena',0,1);
INSERT INTO `cities` (`id`,`code`,`description`,`is_enabled`,`state_id`) VALUES (445,'BGHKI','Grand Bourg',0,1);
INSERT INTO `cities` (`id`,`code`,`description`,`is_enabled`,`state_id`) VALUES (446,'KPNLV','Gregorio Villafañe',0,1);
INSERT INTO `cities` (`id`,`code`,`description`,`is_enabled`,`state_id`) VALUES (447,'IYKRD','Grünbein',0,1);
INSERT INTO `cities` (`id`,`code`,`description`,`is_enabled`,`state_id`) VALUES (448,'IRFRM','Guamini',0,1);
INSERT INTO `cities` (`id`,`code`,`description`,`is_enabled`,`state_id`) VALUES (449,'PGHLQ','Guanaco',0,1);
INSERT INTO `cities` (`id`,`code`,`description`,`is_enabled`,`state_id`) VALUES (450,'AZDEY','Guernica',0,1);
INSERT INTO `cities` (`id`,`code`,`description`,`is_enabled`,`state_id`) VALUES (451,'CODYF','Guerrero',0,1);
INSERT INTO `cities` (`id`,`code`,`description`,`is_enabled`,`state_id`) VALUES (452,'FWMEM','Guerrico',0,1);
INSERT INTO `cities` (`id`,`code`,`description`,`is_enabled`,`state_id`) VALUES (453,'WKLOY','Guido Spano',0,1);
INSERT INTO `cities` (`id`,`code`,`description`,`is_enabled`,`state_id`) VALUES (454,'ZUSTT','Guillermo E. Hudson',0,1);
INSERT INTO `cities` (`id`,`code`,`description`,`is_enabled`,`state_id`) VALUES (455,'QDYES','Gándara',0,1);
INSERT INTO `cities` (`id`,`code`,`description`,`is_enabled`,`state_id`) VALUES (456,'YYMVV','Gómez',0,1);
INSERT INTO `cities` (`id`,`code`,`description`,`is_enabled`,`state_id`) VALUES (457,'UPDRM','Gómez de la Vega',0,1);
INSERT INTO `cities` (`id`,`code`,`description`,`is_enabled`,`state_id`) VALUES (458,'QRAIC','Günther',0,1);
INSERT INTO `cities` (`id`,`code`,`description`,`is_enabled`,`state_id`) VALUES (459,'UGXWT','Hale',0,1);
INSERT INTO `cities` (`id`,`code`,`description`,`is_enabled`,`state_id`) VALUES (460,'IXQSL','Ham',0,1);
INSERT INTO `cities` (`id`,`code`,`description`,`is_enabled`,`state_id`) VALUES (461,'WGSVJ','Heavy',0,1);
INSERT INTO `cities` (`id`,`code`,`description`,`is_enabled`,`state_id`) VALUES (462,'DZWSA','Henderson',0,1);
INSERT INTO `cities` (`id`,`code`,`description`,`is_enabled`,`state_id`) VALUES (463,'FTZIR','Henry Bell',0,1);
INSERT INTO `cities` (`id`,`code`,`description`,`is_enabled`,`state_id`) VALUES (464,'KRQZL','Hereford',0,1);
INSERT INTO `cities` (`id`,`code`,`description`,`is_enabled`,`state_id`) VALUES (465,'SCACI','Herrera Vegas',0,1);
INSERT INTO `cities` (`id`,`code`,`description`,`is_enabled`,`state_id`) VALUES (466,'LDAGC','Hilario Ascasubi',0,1);
INSERT INTO `cities` (`id`,`code`,`description`,`is_enabled`,`state_id`) VALUES (467,'GAZOL','Hinojo',0,1);
INSERT INTO `cities` (`id`,`code`,`description`,`is_enabled`,`state_id`) VALUES (468,'UPWYB','Hortensia',0,1);
INSERT INTO `cities` (`id`,`code`,`description`,`is_enabled`,`state_id`) VALUES (469,'TULVL','Huanguelen',0,1);
INSERT INTO `cities` (`id`,`code`,`description`,`is_enabled`,`state_id`) VALUES (470,'YGZYZ','Hunter',0,1);
INSERT INTO `cities` (`id`,`code`,`description`,`is_enabled`,`state_id`) VALUES (471,'YPSVW','Hurlingham',1,1);
INSERT INTO `cities` (`id`,`code`,`description`,`is_enabled`,`state_id`) VALUES (472,'EUBHY','Húsares',0,1);
INSERT INTO `cities` (`id`,`code`,`description`,`is_enabled`,`state_id`) VALUES (473,'XKDBB','Ibáñez',0,1);
INSERT INTO `cities` (`id`,`code`,`description`,`is_enabled`,`state_id`) VALUES (474,'MNAYB','Igarzábal',0,1);
INSERT INTO `cities` (`id`,`code`,`description`,`is_enabled`,`state_id`) VALUES (475,'XCVRA','Ignacio Correas',0,1);
INSERT INTO `cities` (`id`,`code`,`description`,`is_enabled`,`state_id`) VALUES (476,'IWGKR','Indacochea',0,1);
INSERT INTO `cities` (`id`,`code`,`description`,`is_enabled`,`state_id`) VALUES (477,'ARPIL','Indio Rico',0,1);
INSERT INTO `cities` (`id`,`code`,`description`,`is_enabled`,`state_id`) VALUES (478,'YLSZO','Ingeniero Balbín',0,1);
INSERT INTO `cities` (`id`,`code`,`description`,`is_enabled`,`state_id`) VALUES (479,'DDGFU','Ingeniero Beaugey',0,1);
INSERT INTO `cities` (`id`,`code`,`description`,`is_enabled`,`state_id`) VALUES (480,'PJFIV','Ingeniero Budge',0,1);
INSERT INTO `cities` (`id`,`code`,`description`,`is_enabled`,`state_id`) VALUES (481,'QMLYD','Ingeniero De Madrid',0,1);
INSERT INTO `cities` (`id`,`code`,`description`,`is_enabled`,`state_id`) VALUES (482,'CTVKC','Ingeniero J. Allan',0,1);
INSERT INTO `cities` (`id`,`code`,`description`,`is_enabled`,`state_id`) VALUES (483,'VEHDH','Ingeniero Maschwitz',0,1);
INSERT INTO `cities` (`id`,`code`,`description`,`is_enabled`,`state_id`) VALUES (484,'BZHTT','Ingeniero Moneta',0,1);
INSERT INTO `cities` (`id`,`code`,`description`,`is_enabled`,`state_id`) VALUES (485,'AZZSE','Ingeniero Otamendi',0,1);
INSERT INTO `cities` (`id`,`code`,`description`,`is_enabled`,`state_id`) VALUES (486,'TMCBQ','Ingeniero Silveyra',0,1);
INSERT INTO `cities` (`id`,`code`,`description`,`is_enabled`,`state_id`) VALUES (487,'ESQXP','Ingeniero Thompson',0,1);
INSERT INTO `cities` (`id`,`code`,`description`,`is_enabled`,`state_id`) VALUES (488,'UUWDW','Ingeniero White',0,1);
INSERT INTO `cities` (`id`,`code`,`description`,`is_enabled`,`state_id`) VALUES (489,'DVSQY','Ingeniero Williams',0,1);
INSERT INTO `cities` (`id`,`code`,`description`,`is_enabled`,`state_id`) VALUES (490,'URTPI','Inocencio Sosa',0,1);
INSERT INTO `cities` (`id`,`code`,`description`,`is_enabled`,`state_id`) VALUES (491,'VZFNO','Invernadas',0,1);
INSERT INTO `cities` (`id`,`code`,`description`,`is_enabled`,`state_id`) VALUES (492,'TMOIG','Inés Indart',0,1);
INSERT INTO `cities` (`id`,`code`,`description`,`is_enabled`,`state_id`) VALUES (493,'JKGPL','Irala',0,1);
INSERT INTO `cities` (`id`,`code`,`description`,`is_enabled`,`state_id`) VALUES (494,'ETYOK','Iraola',0,1);
INSERT INTO `cities` (`id`,`code`,`description`,`is_enabled`,`state_id`) VALUES (495,'THWJG','Irene',0,1);
INSERT INTO `cities` (`id`,`code`,`description`,`is_enabled`,`state_id`) VALUES (496,'CVWSI','Ireneo Portela',0,1);
INSERT INTO `cities` (`id`,`code`,`description`,`is_enabled`,`state_id`) VALUES (497,'KLRNN','Iriarte',0,1);
INSERT INTO `cities` (`id`,`code`,`description`,`is_enabled`,`state_id`) VALUES (498,'DWNKU','Isidro Casanova',0,1);
INSERT INTO `cities` (`id`,`code`,`description`,`is_enabled`,`state_id`) VALUES (499,'TXYTT','Isla Martin Garcia',0,1);
INSERT INTO `cities` (`id`,`code`,`description`,`is_enabled`,`state_id`) VALUES (500,'TVEGZ','Isla San Pedro',0,1);
INSERT INTO `cities` (`id`,`code`,`description`,`is_enabled`,`state_id`) VALUES (501,'TZEDH','Isla del Sur',0,1);
INSERT INTO `cities` (`id`,`code`,`description`,`is_enabled`,`state_id`) VALUES (502,'GJEVH','Islas',0,1);
INSERT INTO `cities` (`id`,`code`,`description`,`is_enabled`,`state_id`) VALUES (503,'NWUWB','Islas del Puerto',0,1);
INSERT INTO `cities` (`id`,`code`,`description`,`is_enabled`,`state_id`) VALUES (504,'GFWMH','Islote del Noroeste',0,1);
INSERT INTO `cities` (`id`,`code`,`description`,`is_enabled`,`state_id`) VALUES (505,'YUUZN','Iturreguí',0,1);
INSERT INTO `cities` (`id`,`code`,`description`,`is_enabled`,`state_id`) VALUES (506,'BTAJB','Ituzaingo',1,1);
INSERT INTO `cities` (`id`,`code`,`description`,`is_enabled`,`state_id`) VALUES (507,'YYQJE','J. Caderocco',0,1);
INSERT INTO `cities` (`id`,`code`,`description`,`is_enabled`,`state_id`) VALUES (508,'HAFVL','Jauregui',0,1);
INSERT INTO `cities` (`id`,`code`,`description`,`is_enabled`,`state_id`) VALUES (509,'JCAQJ','Jeppener',0,1);
INSERT INTO `cities` (`id`,`code`,`description`,`is_enabled`,`state_id`) VALUES (510,'VLGPK','Joaquín Gorina',0,1);
INSERT INTO `cities` (`id`,`code`,`description`,`is_enabled`,`state_id`) VALUES (511,'WMCJD','Jose A. Guisasola',0,1);
INSERT INTO `cities` (`id`,`code`,`description`,`is_enabled`,`state_id`) VALUES (512,'JCPAZ','Jose C. Paz',1,1);
INSERT INTO `cities` (`id`,`code`,`description`,`is_enabled`,`state_id`) VALUES (513,'GVPGE','Jose Leon Suarez',0,1);
INSERT INTO `cities` (`id`,`code`,`description`,`is_enabled`,`state_id`) VALUES (514,'SYMPR','Jose Marmol',0,1);
INSERT INTO `cities` (`id`,`code`,`description`,`is_enabled`,`state_id`) VALUES (515,'ZZTHP','José B. Casás',0,1);
INSERT INTO `cities` (`id`,`code`,`description`,`is_enabled`,`state_id`) VALUES (516,'TVWCN','José Ferrari',0,1);
INSERT INTO `cities` (`id`,`code`,`description`,`is_enabled`,`state_id`) VALUES (517,'QFEPF','José Hernández',0,1);
INSERT INTO `cities` (`id`,`code`,`description`,`is_enabled`,`state_id`) VALUES (518,'DKAER','José María Micheo',0,1);
INSERT INTO `cities` (`id`,`code`,`description`,`is_enabled`,`state_id`) VALUES (519,'HPLXE','José R. Sojo',0,1);
INSERT INTO `cities` (`id`,`code`,`description`,`is_enabled`,`state_id`) VALUES (520,'TDTAC','José Santos Arévalo',0,1);
INSERT INTO `cities` (`id`,`code`,`description`,`is_enabled`,`state_id`) VALUES (521,'HSDCL','Juan A. Pradere',0,1);
INSERT INTO `cities` (`id`,`code`,`description`,`is_enabled`,`state_id`) VALUES (522,'MTMXC','Juan A. de la Peña',0,1);
INSERT INTO `cities` (`id`,`code`,`description`,`is_enabled`,`state_id`) VALUES (523,'ORZUH','Juan Anchorena',0,1);
INSERT INTO `cities` (`id`,`code`,`description`,`is_enabled`,`state_id`) VALUES (524,'JAXKH','Juan Atucha',0,1);
INSERT INTO `cities` (`id`,`code`,`description`,`is_enabled`,`state_id`) VALUES (525,'GNILM','Juan Bautista Alberdi',0,1);
INSERT INTO `cities` (`id`,`code`,`description`,`is_enabled`,`state_id`) VALUES (526,'BVFUD','Juan Blaquier',0,1);
INSERT INTO `cities` (`id`,`code`,`description`,`is_enabled`,`state_id`) VALUES (527,'VXRNO','Juan E. Barra',0,1);
INSERT INTO `cities` (`id`,`code`,`description`,`is_enabled`,`state_id`) VALUES (528,'JLBXS','Juan F. Ibarra',0,1);
INSERT INTO `cities` (`id`,`code`,`description`,`is_enabled`,`state_id`) VALUES (529,'COUME','Juan Jose Paso',0,1);
INSERT INTO `cities` (`id`,`code`,`description`,`is_enabled`,`state_id`) VALUES (530,'ZMONV','Juan José Almeyra',0,1);
INSERT INTO `cities` (`id`,`code`,`description`,`is_enabled`,`state_id`) VALUES (531,'VPFLX','Juan Maria Gutierrez',0,1);
INSERT INTO `cities` (`id`,`code`,`description`,`is_enabled`,`state_id`) VALUES (532,'QXAOD','Juan N. Fernández',0,1);
INSERT INTO `cities` (`id`,`code`,`description`,`is_enabled`,`state_id`) VALUES (533,'AAGYC','Juan Pujol',0,1);
INSERT INTO `cities` (`id`,`code`,`description`,`is_enabled`,`state_id`) VALUES (534,'PJQXH','Juan Tronconi',0,1);
INSERT INTO `cities` (`id`,`code`,`description`,`is_enabled`,`state_id`) VALUES (535,'IGQEY','Juan Vucetich',0,1);
INSERT INTO `cities` (`id`,`code`,`description`,`is_enabled`,`state_id`) VALUES (536,'PPLDR','Juancho',0,1);
INSERT INTO `cities` (`id`,`code`,`description`,`is_enabled`,`state_id`) VALUES (537,'VSRXX','Julio Arditi',0,1);
INSERT INTO `cities` (`id`,`code`,`description`,`is_enabled`,`state_id`) VALUES (538,'JNI','Junin',0,1);
INSERT INTO `cities` (`id`,`code`,`description`,`is_enabled`,`state_id`) VALUES (539,'ZFTNY','Kenny',0,1);
INSERT INTO `cities` (`id`,`code`,`description`,`is_enabled`,`state_id`) VALUES (540,'HIKYQ','Krabbé',0,1);
INSERT INTO `cities` (`id`,`code`,`description`,`is_enabled`,`state_id`) VALUES (541,'QPBCD','La Angelita',0,1);
INSERT INTO `cities` (`id`,`code`,`description`,`is_enabled`,`state_id`) VALUES (542,'AFNPS','La Aurora',0,1);
INSERT INTO `cities` (`id`,`code`,`description`,`is_enabled`,`state_id`) VALUES (543,'GYDHH','La Barrancosa',0,1);
INSERT INTO `cities` (`id`,`code`,`description`,`is_enabled`,`state_id`) VALUES (544,'JXFZB','La Beba',0,1);
INSERT INTO `cities` (`id`,`code`,`description`,`is_enabled`,`state_id`) VALUES (545,'NYWKW','La Bolsa',0,1);
INSERT INTO `cities` (`id`,`code`,`description`,`is_enabled`,`state_id`) VALUES (546,'JZQVP','La Carreta',0,1);
INSERT INTO `cities` (`id`,`code`,`description`,`is_enabled`,`state_id`) VALUES (547,'IVVQU','La Choza',0,1);
INSERT INTO `cities` (`id`,`code`,`description`,`is_enabled`,`state_id`) VALUES (548,'BTQBL','La Colina',0,1);
INSERT INTO `cities` (`id`,`code`,`description`,`is_enabled`,`state_id`) VALUES (549,'PDMHN','La Constancia',0,1);
INSERT INTO `cities` (`id`,`code`,`description`,`is_enabled`,`state_id`) VALUES (550,'MADKR','La Cotorra',0,1);
INSERT INTO `cities` (`id`,`code`,`description`,`is_enabled`,`state_id`) VALUES (551,'SIJJI','La Delfina',0,1);
INSERT INTO `cities` (`id`,`code`,`description`,`is_enabled`,`state_id`) VALUES (552,'MLFYM','La Dorita',0,1);
INSERT INTO `cities` (`id`,`code`,`description`,`is_enabled`,`state_id`) VALUES (553,'QRVIC','La Dulce',0,1);
INSERT INTO `cities` (`id`,`code`,`description`,`is_enabled`,`state_id`) VALUES (554,'QHCQE','La Emilia',0,1);
INSERT INTO `cities` (`id`,`code`,`description`,`is_enabled`,`state_id`) VALUES (555,'AZFEN','La Estafeta',0,1);
INSERT INTO `cities` (`id`,`code`,`description`,`is_enabled`,`state_id`) VALUES (556,'SCYAN','La Gloria',0,1);
INSERT INTO `cities` (`id`,`code`,`description`,`is_enabled`,`state_id`) VALUES (557,'FVDXJ','La Invencible',0,1);
INSERT INTO `cities` (`id`,`code`,`description`,`is_enabled`,`state_id`) VALUES (558,'CQQCM','La Larga',0,1);
INSERT INTO `cities` (`id`,`code`,`description`,`is_enabled`,`state_id`) VALUES (559,'ZENBA','La Limpia',0,1);
INSERT INTO `cities` (`id`,`code`,`description`,`is_enabled`,`state_id`) VALUES (560,'LBICN','La Lucila',0,1);
INSERT INTO `cities` (`id`,`code`,`description`,`is_enabled`,`state_id`) VALUES (561,'GBXUH','La Lucila del Mar',0,1);
INSERT INTO `cities` (`id`,`code`,`description`,`is_enabled`,`state_id`) VALUES (562,'JFDLZ','La Luisa',0,1);
INSERT INTO `cities` (`id`,`code`,`description`,`is_enabled`,`state_id`) VALUES (563,'UROSR','La Manuela',0,1);
INSERT INTO `cities` (`id`,`code`,`description`,`is_enabled`,`state_id`) VALUES (564,'UROZZ','La Matanza',1,1);
INSERT INTO `cities` (`id`,`code`,`description`,`is_enabled`,`state_id`) VALUES (565,'HKHJZ','La Negra',0,1);
INSERT INTO `cities` (`id`,`code`,`description`,`is_enabled`,`state_id`) VALUES (566,'YTAZI','La Nevada',0,1);
INSERT INTO `cities` (`id`,`code`,`description`,`is_enabled`,`state_id`) VALUES (567,'UVMOS','La Niña',0,1);
INSERT INTO `cities` (`id`,`code`,`description`,`is_enabled`,`state_id`) VALUES (568,'XBNKI','La Noria',0,1);
INSERT INTO `cities` (`id`,`code`,`description`,`is_enabled`,`state_id`) VALUES (569,'TLIGM','La Oriental',0,1);
INSERT INTO `cities` (`id`,`code`,`description`,`is_enabled`,`state_id`) VALUES (570,'IAZNK','La Pala',0,1);
INSERT INTO `cities` (`id`,`code`,`description`,`is_enabled`,`state_id`) VALUES (571,'XHGDZ','La Pastora',0,1);
INSERT INTO `cities` (`id`,`code`,`description`,`is_enabled`,`state_id`) VALUES (572,'OXPZE','La Paz',0,1);
INSERT INTO `cities` (`id`,`code`,`description`,`is_enabled`,`state_id`) VALUES (573,'LOLUH','La Pinta',0,1);
INSERT INTO `cities` (`id`,`code`,`description`,`is_enabled`,`state_id`) VALUES (574,'LPG','La Plata',1,1);
INSERT INTO `cities` (`id`,`code`,`description`,`is_enabled`,`state_id`) VALUES (575,'NZLDO','La Portena',0,1);
INSERT INTO `cities` (`id`,`code`,`description`,`is_enabled`,`state_id`) VALUES (576,'CWVON','La Primavera',0,1);
INSERT INTO `cities` (`id`,`code`,`description`,`is_enabled`,`state_id`) VALUES (577,'PCDLF','La Providencia',0,1);
INSERT INTO `cities` (`id`,`code`,`description`,`is_enabled`,`state_id`) VALUES (578,'EQUAY','La Reforma',0,1);
INSERT INTO `cities` (`id`,`code`,`description`,`is_enabled`,`state_id`) VALUES (579,'ULRPY','La Reja',0,1);
INSERT INTO `cities` (`id`,`code`,`description`,`is_enabled`,`state_id`) VALUES (580,'WUVDE','La Rica',0,1);
INSERT INTO `cities` (`id`,`code`,`description`,`is_enabled`,`state_id`) VALUES (581,'QTWRS','La Sofía',0,1);
INSERT INTO `cities` (`id`,`code`,`description`,`is_enabled`,`state_id`) VALUES (582,'SVHPK','La Sortija',0,1);
INSERT INTO `cities` (`id`,`code`,`description`,`is_enabled`,`state_id`) VALUES (583,'IUUNU','La Trinidad',0,1);
INSERT INTO `cities` (`id`,`code`,`description`,`is_enabled`,`state_id`) VALUES (584,'MZQJY','La Vanguardia',0,1);
INSERT INTO `cities` (`id`,`code`,`description`,`is_enabled`,`state_id`) VALUES (585,'QAQIQ','La Verde',0,1);
INSERT INTO `cities` (`id`,`code`,`description`,`is_enabled`,`state_id`) VALUES (586,'CGAFQ','La Violeta',0,1);
INSERT INTO `cities` (`id`,`code`,`description`,`is_enabled`,`state_id`) VALUES (587,'FJNMO','La Virginia',0,1);
INSERT INTO `cities` (`id`,`code`,`description`,`is_enabled`,`state_id`) VALUES (588,'KXLSB','La Viruta',0,1);
INSERT INTO `cities` (`id`,`code`,`description`,`is_enabled`,`state_id`) VALUES (589,'RAFON','La Vitícola',0,1);
INSERT INTO `cities` (`id`,`code`,`description`,`is_enabled`,`state_id`) VALUES (590,'YQTKB','La Zanja',0,1);
INSERT INTO `cities` (`id`,`code`,`description`,`is_enabled`,`state_id`) VALUES (591,'KRJYG','Labardén',0,1);
INSERT INTO `cities` (`id`,`code`,`description`,`is_enabled`,`state_id`) VALUES (592,'CXTSO','Laferrere',0,1);
INSERT INTO `cities` (`id`,`code`,`description`,`is_enabled`,`state_id`) VALUES (593,'YRKGQ','Lago Epecuen',0,1);
INSERT INTO `cities` (`id`,`code`,`description`,`is_enabled`,`state_id`) VALUES (594,'FIIMF','Laguna Alsina',0,1);
INSERT INTO `cities` (`id`,`code`,`description`,`is_enabled`,`state_id`) VALUES (595,'VVNPY','Langueyú',0,1);
INSERT INTO `cities` (`id`,`code`,`description`,`is_enabled`,`state_id`) VALUES (596,'WMMTB','Lanus',1,1);
INSERT INTO `cities` (`id`,`code`,`description`,`is_enabled`,`state_id`) VALUES (597,'PSKFG','Laplacette',0,1);
INSERT INTO `cities` (`id`,`code`,`description`,`is_enabled`,`state_id`) VALUES (598,'EMIDJ','Laprida',0,1);
INSERT INTO `cities` (`id`,`code`,`description`,`is_enabled`,`state_id`) VALUES (599,'GRSQA','Larramendy',0,1);
INSERT INTO `cities` (`id`,`code`,`description`,`is_enabled`,`state_id`) VALUES (600,'FXWKM','Larrea',0,1);
INSERT INTO `cities` (`id`,`code`,`description`,`is_enabled`,`state_id`) VALUES (601,'GPEZH','Lartigau',0,1);
INSERT INTO `cities` (`id`,`code`,`description`,`is_enabled`,`state_id`) VALUES (602,'KEYIY','Las Armas',0,1);
INSERT INTO `cities` (`id`,`code`,`description`,`is_enabled`,`state_id`) VALUES (603,'ELCGF','Las Chacras',0,1);
INSERT INTO `cities` (`id`,`code`,`description`,`is_enabled`,`state_id`) VALUES (604,'VWFKP','Las Colinas de Peralta Ramos',0,1);
INSERT INTO `cities` (`id`,`code`,`description`,`is_enabled`,`state_id`) VALUES (605,'HRABL','Las Flores',0,1);
INSERT INTO `cities` (`id`,`code`,`description`,`is_enabled`,`state_id`) VALUES (606,'LG1','Las Gaviotas',0,1);
INSERT INTO `cities` (`id`,`code`,`description`,`is_enabled`,`state_id`) VALUES (607,'LHS','Las Heras',0,1);
INSERT INTO `cities` (`id`,`code`,`description`,`is_enabled`,`state_id`) VALUES (608,'BBQWW','Las Hermanas',0,1);
INSERT INTO `cities` (`id`,`code`,`description`,`is_enabled`,`state_id`) VALUES (609,'RNGYJ','Las Juanitas',0,1);
INSERT INTO `cities` (`id`,`code`,`description`,`is_enabled`,`state_id`) VALUES (610,'THYIA','Las Martinetas',0,1);
INSERT INTO `cities` (`id`,`code`,`description`,`is_enabled`,`state_id`) VALUES (611,'JYIPJ','Las Mostazas',0,1);
INSERT INTO `cities` (`id`,`code`,`description`,`is_enabled`,`state_id`) VALUES (612,'YRRNY','Las Nutrias',0,1);
INSERT INTO `cities` (`id`,`code`,`description`,`is_enabled`,`state_id`) VALUES (613,'JEIMS','Las Palmas',0,1);
INSERT INTO `cities` (`id`,`code`,`description`,`is_enabled`,`state_id`) VALUES (614,'FWOPJ','Las Parvas',0,1);
INSERT INTO `cities` (`id`,`code`,`description`,`is_enabled`,`state_id`) VALUES (615,'VBPOM','Las Piedritas',0,1);
INSERT INTO `cities` (`id`,`code`,`description`,`is_enabled`,`state_id`) VALUES (616,'SOTTW','Las Pipinas',0,1);
INSERT INTO `cities` (`id`,`code`,`description`,`is_enabled`,`state_id`) VALUES (617,'INVFX','Las Tahonas',0,1);
INSERT INTO `cities` (`id`,`code`,`description`,`is_enabled`,`state_id`) VALUES (618,'BXBAA','Las Toninas',0,1);
INSERT INTO `cities` (`id`,`code`,`description`,`is_enabled`,`state_id`) VALUES (619,'LVESU','Las Toscas',0,1);
INSERT INTO `cities` (`id`,`code`,`description`,`is_enabled`,`state_id`) VALUES (620,'OABEK','Las Vaquerías',0,1);
INSERT INTO `cities` (`id`,`code`,`description`,`is_enabled`,`state_id`) VALUES (621,'OPHVG','Lastra',0,1);
INSERT INTO `cities` (`id`,`code`,`description`,`is_enabled`,`state_id`) VALUES (622,'CDJMM','Lazzarino',0,1);
INSERT INTO `cities` (`id`,`code`,`description`,`is_enabled`,`state_id`) VALUES (623,'ASLVX','Leandro N. Alem',0,1);
INSERT INTO `cities` (`id`,`code`,`description`,`is_enabled`,`state_id`) VALUES (624,'ZKGIS','Leubucó',0,1);
INSERT INTO `cities` (`id`,`code`,`description`,`is_enabled`,`state_id`) VALUES (625,'JBNKA','Libertad',0,1);
INSERT INTO `cities` (`id`,`code`,`description`,`is_enabled`,`state_id`) VALUES (626,'GFFFX','Libres del Sur',0,1);
INSERT INTO `cities` (`id`,`code`,`description`,`is_enabled`,`state_id`) VALUES (627,'MTMGE','Licenciado Matienzo',0,1);
INSERT INTO `cities` (`id`,`code`,`description`,`is_enabled`,`state_id`) VALUES (628,'UFRPI','Lima',0,1);
INSERT INTO `cities` (`id`,`code`,`description`,`is_enabled`,`state_id`) VALUES (629,'ZSVWM','Lin Calel',0,1);
INSERT INTO `cities` (`id`,`code`,`description`,`is_enabled`,`state_id`) VALUES (630,'ZBNDX','Lincoln',0,1);
INSERT INTO `cities` (`id`,`code`,`description`,`is_enabled`,`state_id`) VALUES (631,'ADJOV','Llavallol',0,1);
INSERT INTO `cities` (`id`,`code`,`description`,`is_enabled`,`state_id`) VALUES (632,'FIOUP','Loberia',0,1);
INSERT INTO `cities` (`id`,`code`,`description`,`is_enabled`,`state_id`) VALUES (633,'TULLG','Lobos',0,1);
INSERT INTO `cities` (`id`,`code`,`description`,`is_enabled`,`state_id`) VALUES (634,'LOMHE','Loma Hermosa',0,1);
INSERT INTO `cities` (`id`,`code`,`description`,`is_enabled`,`state_id`) VALUES (635,'GGTWH','Loma Negra',0,1);
INSERT INTO `cities` (`id`,`code`,`description`,`is_enabled`,`state_id`) VALUES (636,'NHGSQ','Loma Verde',0,1);
INSERT INTO `cities` (`id`,`code`,`description`,`is_enabled`,`state_id`) VALUES (637,'CDIKX','Lomas de Zamora',1,1);
INSERT INTO `cities` (`id`,`code`,`description`,`is_enabled`,`state_id`) VALUES (638,'GYHGU','Lomas del Mirador',0,1);
INSERT INTO `cities` (`id`,`code`,`description`,`is_enabled`,`state_id`) VALUES (639,'CFRZK','Longchamps',0,1);
INSERT INTO `cities` (`id`,`code`,`description`,`is_enabled`,`state_id`) VALUES (640,'PLGAV','Los Acantilados',0,1);
INSERT INTO `cities` (`id`,`code`,`description`,`is_enabled`,`state_id`) VALUES (641,'CD3','Los Cardales',0,1);
INSERT INTO `cities` (`id`,`code`,`description`,`is_enabled`,`state_id`) VALUES (642,'ITQIX','Los Indios',0,1);
INSERT INTO `cities` (`id`,`code`,`description`,`is_enabled`,`state_id`) VALUES (643,'ZLDDK','Los Laureles',0,1);
INSERT INTO `cities` (`id`,`code`,`description`,`is_enabled`,`state_id`) VALUES (644,'VJLOW','Los Pinos',0,1);
INSERT INTO `cities` (`id`,`code`,`description`,`is_enabled`,`state_id`) VALUES (645,'FBRDB','Los Polvorines',0,1);
INSERT INTO `cities` (`id`,`code`,`description`,`is_enabled`,`state_id`) VALUES (646,'POSBJ','Los Ángeles',0,1);
INSERT INTO `cities` (`id`,`code`,`description`,`is_enabled`,`state_id`) VALUES (647,'QTHRO','Louge',0,1);
INSERT INTO `cities` (`id`,`code`,`description`,`is_enabled`,`state_id`) VALUES (648,'AVPIZ','Lozano',0,1);
INSERT INTO `cities` (`id`,`code`,`description`,`is_enabled`,`state_id`) VALUES (649,'YVCVI','Lucas Monteverde',0,1);
INSERT INTO `cities` (`id`,`code`,`description`,`is_enabled`,`state_id`) VALUES (650,'RCUUM','Luis Guillon',0,1);
INSERT INTO `cities` (`id`,`code`,`description`,`is_enabled`,`state_id`) VALUES (651,'L20','Luján',0,1);
INSERT INTO `cities` (`id`,`code`,`description`,`is_enabled`,`state_id`) VALUES (652,'LWGFR','Lumb',0,1);
INSERT INTO `cities` (`id`,`code`,`description`,`is_enabled`,`state_id`) VALUES (653,'GHJHA','Luro',0,1);
INSERT INTO `cities` (`id`,`code`,`description`,`is_enabled`,`state_id`) VALUES (654,'DIRLM','Lynch',0,1);
INSERT INTO `cities` (`id`,`code`,`description`,`is_enabled`,`state_id`) VALUES (655,'YKFGB','Lértora',0,1);
INSERT INTO `cities` (`id`,`code`,`description`,`is_enabled`,`state_id`) VALUES (656,'PHNLA','Líbano',0,1);
INSERT INTO `cities` (`id`,`code`,`description`,`is_enabled`,`state_id`) VALUES (657,'QBPCJ','López',0,1);
INSERT INTO `cities` (`id`,`code`,`description`,`is_enabled`,`state_id`) VALUES (658,'RIZOU','López Lecube',0,1);
INSERT INTO `cities` (`id`,`code`,`description`,`is_enabled`,`state_id`) VALUES (659,'QJCQF','Macedo',0,1);
INSERT INTO `cities` (`id`,`code`,`description`,`is_enabled`,`state_id`) VALUES (660,'MEVMS','Magdala',0,1);
INSERT INTO `cities` (`id`,`code`,`description`,`is_enabled`,`state_id`) VALUES (661,'ADXVH','Magdalena',0,1);
INSERT INTO `cities` (`id`,`code`,`description`,`is_enabled`,`state_id`) VALUES (662,'AVTSM','Maguire',0,1);
INSERT INTO `cities` (`id`,`code`,`description`,`is_enabled`,`state_id`) VALUES (663,'TYAHA','Maipu',0,1);
INSERT INTO `cities` (`id`,`code`,`description`,`is_enabled`,`state_id`) VALUES (664,'TLBZZ','Malvinas Argentinas',1,1);
INSERT INTO `cities` (`id`,`code`,`description`,`is_enabled`,`state_id`) VALUES (665,'TLBDD','Mamaguita',0,1);
INSERT INTO `cities` (`id`,`code`,`description`,`is_enabled`,`state_id`) VALUES (666,'MOMCI','Manantiales Chicos',0,1);
INSERT INTO `cities` (`id`,`code`,`description`,`is_enabled`,`state_id`) VALUES (667,'DGSWJ','Manantiales Grandes',0,1);
INSERT INTO `cities` (`id`,`code`,`description`,`is_enabled`,`state_id`) VALUES (668,'IFFPW','Manuel B. Gonnet',0,1);
INSERT INTO `cities` (`id`,`code`,`description`,`is_enabled`,`state_id`) VALUES (669,'ITLGA','Manuel J. Cobo',0,1);
INSERT INTO `cities` (`id`,`code`,`description`,`is_enabled`,`state_id`) VALUES (670,'BOZED','Manuel José García',0,1);
INSERT INTO `cities` (`id`,`code`,`description`,`is_enabled`,`state_id`) VALUES (671,'QFREL','Manuel Ocampo',0,1);
INSERT INTO `cities` (`id`,`code`,`description`,`is_enabled`,`state_id`) VALUES (672,'NOHRT','Manzanares',0,1);
INSERT INTO `cities` (`id`,`code`,`description`,`is_enabled`,`state_id`) VALUES (673,'ATYZO','Manzone',0,1);
INSERT INTO `cities` (`id`,`code`,`description`,`is_enabled`,`state_id`) VALUES (674,'FKMGO','Mapis',0,1);
INSERT INTO `cities` (`id`,`code`,`description`,`is_enabled`,`state_id`) VALUES (675,'NUJZM','Maquinista Savio',0,1);
INSERT INTO `cities` (`id`,`code`,`description`,`is_enabled`,`state_id`) VALUES (676,'MA7','Mar Azul',0,1);
INSERT INTO `cities` (`id`,`code`,`description`,`is_enabled`,`state_id`) VALUES (677,'MJ1','Mar de Ajo',0,1);
INSERT INTO `cities` (`id`,`code`,`description`,`is_enabled`,`state_id`) VALUES (678,'QGCPJ','Mar de Cobo',0,1);
INSERT INTO `cities` (`id`,`code`,`description`,`is_enabled`,`state_id`) VALUES (679,'MP0','Mar de las Pampas',0,1);
INSERT INTO `cities` (`id`,`code`,`description`,`is_enabled`,`state_id`) VALUES (680,'MDQ','Mar del Plata',0,1);
INSERT INTO `cities` (`id`,`code`,`description`,`is_enabled`,`state_id`) VALUES (681,'M19','Mar del Sur',0,1);
INSERT INTO `cities` (`id`,`code`,`description`,`is_enabled`,`state_id`) VALUES (682,'OIOVL','Mar del Tuyu',0,1);
INSERT INTO `cities` (`id`,`code`,`description`,`is_enabled`,`state_id`) VALUES (683,'UUNWV','Marcos Paz',1,1);
INSERT INTO `cities` (`id`,`code`,`description`,`is_enabled`,`state_id`) VALUES (684,'LGRRK','Mari Lauquen',0,1);
INSERT INTO `cities` (`id`,`code`,`description`,`is_enabled`,`state_id`) VALUES (685,'RVCZH','Mariano Acosta',0,1);
INSERT INTO `cities` (`id`,`code`,`description`,`is_enabled`,`state_id`) VALUES (686,'ZUXUY','Mariano Benítez',0,1);
INSERT INTO `cities` (`id`,`code`,`description`,`is_enabled`,`state_id`) VALUES (687,'HFZSU','Mariano H. Alfonso',0,1);
INSERT INTO `cities` (`id`,`code`,`description`,`is_enabled`,`state_id`) VALUES (688,'JPXPG','Mariano J. Haedo',0,1);
INSERT INTO `cities` (`id`,`code`,`description`,`is_enabled`,`state_id`) VALUES (689,'OSLDP','Mariano Moreno',0,1);
INSERT INTO `cities` (`id`,`code`,`description`,`is_enabled`,`state_id`) VALUES (690,'BUEAN','Mariano Roldán',0,1);
INSERT INTO `cities` (`id`,`code`,`description`,`is_enabled`,`state_id`) VALUES (691,'ZQDHS','Mariano Unzué',0,1);
INSERT INTO `cities` (`id`,`code`,`description`,`is_enabled`,`state_id`) VALUES (692,'YLMSL','Martinez',0,1);
INSERT INTO `cities` (`id`,`code`,`description`,`is_enabled`,`state_id`) VALUES (693,'KDQHG','Martín Berraondo',0,1);
INSERT INTO `cities` (`id`,`code`,`description`,`is_enabled`,`state_id`) VALUES (694,'OEUPC','Martín Colman',0,1);
INSERT INTO `cities` (`id`,`code`,`description`,`is_enabled`,`state_id`) VALUES (695,'JVHQL','Martín Fierro',0,1);
INSERT INTO `cities` (`id`,`code`,`description`,`is_enabled`,`state_id`) VALUES (696,'WPDRT','Marucha',0,1);
INSERT INTO `cities` (`id`,`code`,`description`,`is_enabled`,`state_id`) VALUES (697,'WHBXJ','María Ignacia',0,1);
INSERT INTO `cities` (`id`,`code`,`description`,`is_enabled`,`state_id`) VALUES (698,'AFFLW','María Lucila',0,1);
INSERT INTO `cities` (`id`,`code`,`description`,`is_enabled`,`state_id`) VALUES (699,'GSGYA','Mascota',0,1);
INSERT INTO `cities` (`id`,`code`,`description`,`is_enabled`,`state_id`) VALUES (700,'DTABY','Matheu',0,1);
INSERT INTO `cities` (`id`,`code`,`description`,`is_enabled`,`state_id`) VALUES (701,'NAUOT','Mauricio Hirsch',0,1);
INSERT INTO `cities` (`id`,`code`,`description`,`is_enabled`,`state_id`) VALUES (702,'IKWGO','Mayor Buratovich',0,1);
INSERT INTO `cities` (`id`,`code`,`description`,`is_enabled`,`state_id`) VALUES (703,'RIBIQ','Maza',0,1);
INSERT INTO `cities` (`id`,`code`,`description`,`is_enabled`,`state_id`) VALUES (704,'EFFIR','Mechita',0,1);
INSERT INTO `cities` (`id`,`code`,`description`,`is_enabled`,`state_id`) VALUES (705,'KCEDR','Mechongué',0,1);
INSERT INTO `cities` (`id`,`code`,`description`,`is_enabled`,`state_id`) VALUES (706,'PJZSF','Melchor Romero',0,1);
INSERT INTO `cities` (`id`,`code`,`description`,`is_enabled`,`state_id`) VALUES (707,'OAPEU','Membrillar',0,1);
INSERT INTO `cities` (`id`,`code`,`description`,`is_enabled`,`state_id`) VALUES (708,'MDX','Mercedes',0,1);
INSERT INTO `cities` (`id`,`code`,`description`,`is_enabled`,`state_id`) VALUES (709,'LTJPH','Merlo',1,1);
INSERT INTO `cities` (`id`,`code`,`description`,`is_enabled`,`state_id`) VALUES (710,'DMFVZ','Micaela Cascallares',0,1);
INSERT INTO `cities` (`id`,`code`,`description`,`is_enabled`,`state_id`) VALUES (711,'IIZON','Ministro Rivadavia',0,1);
INSERT INTO `cities` (`id`,`code`,`description`,`is_enabled`,`state_id`) VALUES (712,'MNNKV','Mira Pampa',0,1);
INSERT INTO `cities` (`id`,`code`,`description`,`is_enabled`,`state_id`) VALUES (713,'MJR','Miramar',0,1);
INSERT INTO `cities` (`id`,`code`,`description`,`is_enabled`,`state_id`) VALUES (714,'NXTZK','Miramonte',0,1);
INSERT INTO `cities` (`id`,`code`,`description`,`is_enabled`,`state_id`) VALUES (715,'FJELH','Miranda',0,1);
INSERT INTO `cities` (`id`,`code`,`description`,`is_enabled`,`state_id`) VALUES (716,'NUAWT','Moctezuma',0,1);
INSERT INTO `cities` (`id`,`code`,`description`,`is_enabled`,`state_id`) VALUES (717,'FHPSY','Moll',0,1);
INSERT INTO `cities` (`id`,`code`,`description`,`is_enabled`,`state_id`) VALUES (718,'STXDI','Monasterio',0,1);
INSERT INTO `cities` (`id`,`code`,`description`,`is_enabled`,`state_id`) VALUES (719,'JMFYS','Mones Cazon',0,1);
INSERT INTO `cities` (`id`,`code`,`description`,`is_enabled`,`state_id`) VALUES (720,'SSGKQ','Monroe',0,1);
INSERT INTO `cities` (`id`,`code`,`description`,`is_enabled`,`state_id`) VALUES (721,'XXGWB','Monsalvo',0,1);
INSERT INTO `cities` (`id`,`code`,`description`,`is_enabled`,`state_id`) VALUES (722,'ABCVX','Monte Chingolo',0,1);
INSERT INTO `cities` (`id`,`code`,`description`,`is_enabled`,`state_id`) VALUES (723,'MNTGD','Monte Grande',0,1);
INSERT INTO `cities` (`id`,`code`,`description`,`is_enabled`,`state_id`) VALUES (724,'MH1','Monte Hermoso',0,1);
INSERT INTO `cities` (`id`,`code`,`description`,`is_enabled`,`state_id`) VALUES (725,'IILHZ','Monte Veloz',0,1);
INSERT INTO `cities` (`id`,`code`,`description`,`is_enabled`,`state_id`) VALUES (726,'YMGSJ','Montes de Oca',0,1);
INSERT INTO `cities` (`id`,`code`,`description`,`is_enabled`,`state_id`) VALUES (727,'SKUFS','Moores',0,1);
INSERT INTO `cities` (`id`,`code`,`description`,`is_enabled`,`state_id`) VALUES (728,'BEKKS','Moquehua',0,1);
INSERT INTO `cities` (`id`,`code`,`description`,`is_enabled`,`state_id`) VALUES (729,'FVQER','Morea',0,1);
INSERT INTO `cities` (`id`,`code`,`description`,`is_enabled`,`state_id`) VALUES (730,'OWQRR','Moreno',1,1);
INSERT INTO `cities` (`id`,`code`,`description`,`is_enabled`,`state_id`) VALUES (731,'DAYGE','Moron',1,1);
INSERT INTO `cities` (`id`,`code`,`description`,`is_enabled`,`state_id`) VALUES (732,'HHCXK','Morse',0,1);
INSERT INTO `cities` (`id`,`code`,`description`,`is_enabled`,`state_id`) VALUES (733,'WRNTI','Mosconi',0,1);
INSERT INTO `cities` (`id`,`code`,`description`,`is_enabled`,`state_id`) VALUES (734,'ARQKC','Mouras',0,1);
INSERT INTO `cities` (`id`,`code`,`description`,`is_enabled`,`state_id`) VALUES (735,'QEOFD','Mulcahy',0,1);
INSERT INTO `cities` (`id`,`code`,`description`,`is_enabled`,`state_id`) VALUES (736,'LZIVM','Muniz',0,1);
INSERT INTO `cities` (`id`,`code`,`description`,`is_enabled`,`state_id`) VALUES (737,'QJMTD','Munro',0,1);
INSERT INTO `cities` (`id`,`code`,`description`,`is_enabled`,`state_id`) VALUES (738,'VXWIW','Muñoz',0,1);
INSERT INTO `cities` (`id`,`code`,`description`,`is_enabled`,`state_id`) VALUES (739,'YJTSQ','Máximo Fernández',0,1);
INSERT INTO `cities` (`id`,`code`,`description`,`is_enabled`,`state_id`) VALUES (740,'TGNJE','Máximo Paz',0,1);
INSERT INTO `cities` (`id`,`code`,`description`,`is_enabled`,`state_id`) VALUES (741,'GWJWQ','Médanos',0,1);
INSERT INTO `cities` (`id`,`code`,`description`,`is_enabled`,`state_id`) VALUES (742,'WNBTT','Nahuel Rucá',0,1);
INSERT INTO `cities` (`id`,`code`,`description`,`is_enabled`,`state_id`) VALUES (743,'BUOBL','Napaleofú',0,1);
INSERT INTO `cities` (`id`,`code`,`description`,`is_enabled`,`state_id`) VALUES (744,'IOXJS','Napostá',0,1);
INSERT INTO `cities` (`id`,`code`,`description`,`is_enabled`,`state_id`) VALUES (745,'VZTCT','Navarro',0,1);
INSERT INTO `cities` (`id`,`code`,`description`,`is_enabled`,`state_id`) VALUES (746,'NEC','Necochea',0,1);
INSERT INTO `cities` (`id`,`code`,`description`,`is_enabled`,`state_id`) VALUES (747,'VQEQX','Necol',0,1);
INSERT INTO `cities` (`id`,`code`,`description`,`is_enabled`,`state_id`) VALUES (748,'AYXNC','Newton',0,1);
INSERT INTO `cities` (`id`,`code`,`description`,`is_enabled`,`state_id`) VALUES (749,'NBPTD','Nicanor Olivera',0,1);
INSERT INTO `cities` (`id`,`code`,`description`,`is_enabled`,`state_id`) VALUES (750,'JAAXY','Nicolás Descalzi',0,1);
INSERT INTO `cities` (`id`,`code`,`description`,`is_enabled`,`state_id`) VALUES (751,'MZDEU','Nicolás Levalle',0,1);
INSERT INTO `cities` (`id`,`code`,`description`,`is_enabled`,`state_id`) VALUES (752,'WJWWS','Nieves',0,1);
INSERT INTO `cities` (`id`,`code`,`description`,`is_enabled`,`state_id`) VALUES (753,'KKZXQ','Norberto de la Riestra',0,1);
INSERT INTO `cities` (`id`,`code`,`description`,`is_enabled`,`state_id`) VALUES (754,'LOKVV','Nordelta',0,1);
INSERT INTO `cities` (`id`,`code`,`description`,`is_enabled`,`state_id`) VALUES (755,'NHLOP','Norumbega',0,1);
INSERT INTO `cities` (`id`,`code`,`description`,`is_enabled`,`state_id`) VALUES (756,'PPEMJ','Nueva Plata',0,1);
INSERT INTO `cities` (`id`,`code`,`description`,`is_enabled`,`state_id`) VALUES (757,'ZEADN','Nueva Roma',0,1);
INSERT INTO `cities` (`id`,`code`,`description`,`is_enabled`,`state_id`) VALUES (758,'KRBFE','O. Aballe',0,1);
INSERT INTO `cities` (`id`,`code`,`description`,`is_enabled`,`state_id`) VALUES (759,'MHGFT','OHiggins',0,1);
INSERT INTO `cities` (`id`,`code`,`description`,`is_enabled`,`state_id`) VALUES (760,'QJGUE','Ochandio',0,1);
INSERT INTO `cities` (`id`,`code`,`description`,`is_enabled`,`state_id`) VALUES (761,'AXHLV','Olascoaga',0,1);
INSERT INTO `cities` (`id`,`code`,`description`,`is_enabled`,`state_id`) VALUES (762,'STBKT','Olavarría',0,1);
INSERT INTO `cities` (`id`,`code`,`description`,`is_enabled`,`state_id`) VALUES (763,'LQONG','Oliden',0,1);
INSERT INTO `cities` (`id`,`code`,`description`,`is_enabled`,`state_id`) VALUES (764,'ZLXQE','Olivera',0,1);
INSERT INTO `cities` (`id`,`code`,`description`,`is_enabled`,`state_id`) VALUES (765,'RIQGA','Olivos',0,1);
INSERT INTO `cities` (`id`,`code`,`description`,`is_enabled`,`state_id`) VALUES (766,'WNYAM','Ombu',0,1);
INSERT INTO `cities` (`id`,`code`,`description`,`is_enabled`,`state_id`) VALUES (767,'XPMSM','Ombucta',0,1);
INSERT INTO `cities` (`id`,`code`,`description`,`is_enabled`,`state_id`) VALUES (768,'KEFQD','Open Door',0,1);
INSERT INTO `cities` (`id`,`code`,`description`,`is_enabled`,`state_id`) VALUES (769,'CQQCH','Ordoqui',0,1);
INSERT INTO `cities` (`id`,`code`,`description`,`is_enabled`,`state_id`) VALUES (770,'SWXUF','Orense',0,1);
INSERT INTO `cities` (`id`,`code`,`description`,`is_enabled`,`state_id`) VALUES (771,'BMWAX','Oriente',0,1);
INSERT INTO `cities` (`id`,`code`,`description`,`is_enabled`,`state_id`) VALUES (772,'XCFLR','Ortiz Basualdo',0,1);
INSERT INTO `cities` (`id`,`code`,`description`,`is_enabled`,`state_id`) VALUES (773,'QRBBP','Ortiz de Rozas',0,1);
INSERT INTO `cities` (`id`,`code`,`description`,`is_enabled`,`state_id`) VALUES (774,'OS0','Ostende',0,1);
INSERT INTO `cities` (`id`,`code`,`description`,`is_enabled`,`state_id`) VALUES (775,'RBZSX','Pablo Acosta',0,1);
INSERT INTO `cities` (`id`,`code`,`description`,`is_enabled`,`state_id`) VALUES (776,'NGJDQ','Palantelén',0,1);
INSERT INTO `cities` (`id`,`code`,`description`,`is_enabled`,`state_id`) VALUES (777,'PEFIR','Palemón Huergo',0,1);
INSERT INTO `cities` (`id`,`code`,`description`,`is_enabled`,`state_id`) VALUES (778,'KJUOM','Paragüil',0,1);
INSERT INTO `cities` (`id`,`code`,`description`,`is_enabled`,`state_id`) VALUES (779,'HCIDF','Paraje El Gavilán',0,1);
INSERT INTO `cities` (`id`,`code`,`description`,`is_enabled`,`state_id`) VALUES (780,'QYTCT','Paraje Santa Catalina',0,1);
INSERT INTO `cities` (`id`,`code`,`description`,`is_enabled`,`state_id`) VALUES (781,'UHBRN','Pardo',0,1);
INSERT INTO `cities` (`id`,`code`,`description`,`is_enabled`,`state_id`) VALUES (782,'LESRP','Pareje Punta Piedras',0,1);
INSERT INTO `cities` (`id`,`code`,`description`,`is_enabled`,`state_id`) VALUES (783,'IOIOF','Parish',0,1);
INSERT INTO `cities` (`id`,`code`,`description`,`is_enabled`,`state_id`) VALUES (784,'FHUTI','Parque Camet',0,1);
INSERT INTO `cities` (`id`,`code`,`description`,`is_enabled`,`state_id`) VALUES (785,'EKRWX','Parravicini',0,1);
INSERT INTO `cities` (`id`,`code`,`description`,`is_enabled`,`state_id`) VALUES (786,'ZKEUI','Pasman',0,1);
INSERT INTO `cities` (`id`,`code`,`description`,`is_enabled`,`state_id`) VALUES (787,'YEQRD','Paso Mayor',0,1);
INSERT INTO `cities` (`id`,`code`,`description`,`is_enabled`,`state_id`) VALUES (788,'DUQUW','Paso del Rey',0,1);
INSERT INTO `cities` (`id`,`code`,`description`,`is_enabled`,`state_id`) VALUES (789,'AARSY','Pasteur',0,1);
INSERT INTO `cities` (`id`,`code`,`description`,`is_enabled`,`state_id`) VALUES (790,'EMLDL','Patricios',0,1);
INSERT INTO `cities` (`id`,`code`,`description`,`is_enabled`,`state_id`) VALUES (791,'QMWHI','Paula',0,1);
INSERT INTO `cities` (`id`,`code`,`description`,`is_enabled`,`state_id`) VALUES (792,'IQYTB','Pavon',0,1);
INSERT INTO `cities` (`id`,`code`,`description`,`is_enabled`,`state_id`) VALUES (793,'GCFMP','Pazos Kanki',0,1);
INSERT INTO `cities` (`id`,`code`,`description`,`is_enabled`,`state_id`) VALUES (794,'WSLVL','Pearson',0,1);
INSERT INTO `cities` (`id`,`code`,`description`,`is_enabled`,`state_id`) VALUES (795,'UALQE','Pedernales',0,1);
INSERT INTO `cities` (`id`,`code`,`description`,`is_enabled`,`state_id`) VALUES (796,'ROFEA','Pedro Gamen',0,1);
INSERT INTO `cities` (`id`,`code`,`description`,`is_enabled`,`state_id`) VALUES (797,'VSKAI','Pedro Luro',0,1);
INSERT INTO `cities` (`id`,`code`,`description`,`is_enabled`,`state_id`) VALUES (798,'BRBRK','Pedro Nicolás Escribano',0,1);
INSERT INTO `cities` (`id`,`code`,`description`,`is_enabled`,`state_id`) VALUES (799,'LHKDQ','Pedro P. Lasalle',0,1);
INSERT INTO `cities` (`id`,`code`,`description`,`is_enabled`,`state_id`) VALUES (800,'JHNKA','Pehuajo',0,1);
INSERT INTO `cities` (`id`,`code`,`description`,`is_enabled`,`state_id`) VALUES (801,'PEH','Pehuajo',0,1);
INSERT INTO `cities` (`id`,`code`,`description`,`is_enabled`,`state_id`) VALUES (802,'BUHNO','Pehuelches',0,1);
INSERT INTO `cities` (`id`,`code`,`description`,`is_enabled`,`state_id`) VALUES (803,'HAGMK','Pelicurá',0,1);
INSERT INTO `cities` (`id`,`code`,`description`,`is_enabled`,`state_id`) VALUES (804,'WPVTF','Pellegrini',0,1);
INSERT INTO `cities` (`id`,`code`,`description`,`is_enabled`,`state_id`) VALUES (805,'VWNXS','Peralta',0,1);
INSERT INTO `cities` (`id`,`code`,`description`,`is_enabled`,`state_id`) VALUES (806,'IBMBV','Peralta Ramos',0,1);
INSERT INTO `cities` (`id`,`code`,`description`,`is_enabled`,`state_id`) VALUES (807,'CDJPN','Pereyra',0,1);
INSERT INTO `cities` (`id`,`code`,`description`,`is_enabled`,`state_id`) VALUES (808,'VYQHK','Pergamino',0,1);
INSERT INTO `cities` (`id`,`code`,`description`,`is_enabled`,`state_id`) VALUES (809,'AZQRB','Pichincha',0,1);
INSERT INTO `cities` (`id`,`code`,`description`,`is_enabled`,`state_id`) VALUES (810,'EIPVG','Piedra Echada',0,1);
INSERT INTO `cities` (`id`,`code`,`description`,`is_enabled`,`state_id`) VALUES (811,'RWUNT','Piedritas',0,1);
INSERT INTO `cities` (`id`,`code`,`description`,`is_enabled`,`state_id`) VALUES (812,'QOHHH','Pieres',0,1);
INSERT INTO `cities` (`id`,`code`,`description`,`is_enabled`,`state_id`) VALUES (813,'JVQJK','Pigue',0,1);
INSERT INTO `cities` (`id`,`code`,`description`,`is_enabled`,`state_id`) VALUES (814,'BOVDL','Pila',0,1);
INSERT INTO `cities` (`id`,`code`,`description`,`is_enabled`,`state_id`) VALUES (815,'PI5','Pilar',1,1);
INSERT INTO `cities` (`id`,`code`,`description`,`is_enabled`,`state_id`) VALUES (816,'DQPDM','Pillahuincó',0,1);
INSERT INTO `cities` (`id`,`code`,`description`,`is_enabled`,`state_id`) VALUES (817,'PI1','Pinamar',0,1);
INSERT INTO `cities` (`id`,`code`,`description`,`is_enabled`,`state_id`) VALUES (818,'LJGDX','Pinzón',0,1);
INSERT INTO `cities` (`id`,`code`,`description`,`is_enabled`,`state_id`) VALUES (819,'MYELL','Pirovano',0,1);
INSERT INTO `cities` (`id`,`code`,`description`,`is_enabled`,`state_id`) VALUES (820,'YJDGQ','Piñero',0,1);
INSERT INTO `cities` (`id`,`code`,`description`,`is_enabled`,`state_id`) VALUES (821,'MJXJJ','Piñeyro',0,1);
INSERT INTO `cities` (`id`,`code`,`description`,`is_enabled`,`state_id`) VALUES (822,'IZHMU','Pla',0,1);
INSERT INTO `cities` (`id`,`code`,`description`,`is_enabled`,`state_id`) VALUES (823,'ATKJT','Plaza Montero',0,1);
INSERT INTO `cities` (`id`,`code`,`description`,`is_enabled`,`state_id`) VALUES (824,'CYHBR','Plomer',0,1);
INSERT INTO `cities` (`id`,`code`,`description`,`is_enabled`,`state_id`) VALUES (825,'NUCWA','Plátanos',0,1);
INSERT INTO `cities` (`id`,`code`,`description`,`is_enabled`,`state_id`) VALUES (826,'ZSETK','Poblet',0,1);
INSERT INTO `cities` (`id`,`code`,`description`,`is_enabled`,`state_id`) VALUES (827,'WBULR','Polvaredas',0,1);
INSERT INTO `cities` (`id`,`code`,`description`,`is_enabled`,`state_id`) VALUES (828,'YGMGZ','Pontaut',0,1);
INSERT INTO `cities` (`id`,`code`,`description`,`is_enabled`,`state_id`) VALUES (829,'GJKRE','Pontevedra',0,1);
INSERT INTO `cities` (`id`,`code`,`description`,`is_enabled`,`state_id`) VALUES (830,'JKGNJ','Porvenir',0,1);
INSERT INTO `cities` (`id`,`code`,`description`,`is_enabled`,`state_id`) VALUES (831,'MBVUA','Pourtalé',0,1);
INSERT INTO `cities` (`id`,`code`,`description`,`is_enabled`,`state_id`) VALUES (832,'LGHDV','Presidente Derqui',0,1);
INSERT INTO `cities` (`id`,`code`,`description`,`is_enabled`,`state_id`) VALUES (833,'LYWZZ','Presidente Perón',1,1);
INSERT INTO `cities` (`id`,`code`,`description`,`is_enabled`,`state_id`) VALUES (834,'LYWUR','Presidente Quintana',0,1);
INSERT INTO `cities` (`id`,`code`,`description`,`is_enabled`,`state_id`) VALUES (835,'XMBXC','Primera Junta',0,1);
INSERT INTO `cities` (`id`,`code`,`description`,`is_enabled`,`state_id`) VALUES (836,'NVDFB','Puan',0,1);
INSERT INTO `cities` (`id`,`code`,`description`,`is_enabled`,`state_id`) VALUES (837,'LYCHD','Pueblitos',0,1);
INSERT INTO `cities` (`id`,`code`,`description`,`is_enabled`,`state_id`) VALUES (838,'YMABE','Pueblo Nuevo',0,1);
INSERT INTO `cities` (`id`,`code`,`description`,`is_enabled`,`state_id`) VALUES (839,'YOULC','Pueblo San José',0,1);
INSERT INTO `cities` (`id`,`code`,`description`,`is_enabled`,`state_id`) VALUES (840,'DNFHZ','Puente Cascallares',0,1);
INSERT INTO `cities` (`id`,`code`,`description`,`is_enabled`,`state_id`) VALUES (841,'WNZGA','Puerto Belgrano',0,1);
INSERT INTO `cities` (`id`,`code`,`description`,`is_enabled`,`state_id`) VALUES (842,'PTQMU','Puerto Cuatreros',0,1);
INSERT INTO `cities` (`id`,`code`,`description`,`is_enabled`,`state_id`) VALUES (843,'HDADL','Puerto Galván',0,1);
INSERT INTO `cities` (`id`,`code`,`description`,`is_enabled`,`state_id`) VALUES (844,'BXEID','Puerto Quequen',0,1);
INSERT INTO `cities` (`id`,`code`,`description`,`is_enabled`,`state_id`) VALUES (845,'UTPER','Puerto Rosales',0,1);
INSERT INTO `cities` (`id`,`code`,`description`,`is_enabled`,`state_id`) VALUES (846,'GJIMF','Punta Alta',0,1);
INSERT INTO `cities` (`id`,`code`,`description`,`is_enabled`,`state_id`) VALUES (847,'LNJPM','Punta Chica',0,1);
INSERT INTO `cities` (`id`,`code`,`description`,`is_enabled`,`state_id`) VALUES (848,'NLJAN','Punta Indio',0,1);
INSERT INTO `cities` (`id`,`code`,`description`,`is_enabled`,`state_id`) VALUES (849,'JZLTP','Punta Lara',0,1);
INSERT INTO `cities` (`id`,`code`,`description`,`is_enabled`,`state_id`) VALUES (850,'PD1','Punta delgada',0,1);
INSERT INTO `cities` (`id`,`code`,`description`,`is_enabled`,`state_id`) VALUES (851,'CGLTT','Pérez Millán',0,1);
INSERT INTO `cities` (`id`,`code`,`description`,`is_enabled`,`state_id`) VALUES (852,'ZHRMJ','Quenumá',0,1);
INSERT INTO `cities` (`id`,`code`,`description`,`is_enabled`,`state_id`) VALUES (853,'DKXIQ','Quequen',0,1);
INSERT INTO `cities` (`id`,`code`,`description`,`is_enabled`,`state_id`) VALUES (854,'XPEDU','Quilcó',0,1);
INSERT INTO `cities` (`id`,`code`,`description`,`is_enabled`,`state_id`) VALUES (855,'IWUUZ','Quilmes',1,1);
INSERT INTO `cities` (`id`,`code`,`description`,`is_enabled`,`state_id`) VALUES (856,'UMJVK','Quintas El Casal',0,1);
INSERT INTO `cities` (`id`,`code`,`description`,`is_enabled`,`state_id`) VALUES (857,'RBZNP','Quirno Costa',0,1);
INSERT INTO `cities` (`id`,`code`,`description`,`is_enabled`,`state_id`) VALUES (858,'KBAUN','Quiroga',0,1);
INSERT INTO `cities` (`id`,`code`,`description`,`is_enabled`,`state_id`) VALUES (859,'XDSPL','Quiñihual',0,1);
INSERT INTO `cities` (`id`,`code`,`description`,`is_enabled`,`state_id`) VALUES (860,'UOXRF','Rafael Calzada',0,1);
INSERT INTO `cities` (`id`,`code`,`description`,`is_enabled`,`state_id`) VALUES (861,'DXOJX','Rafael Castillo',0,1);
INSERT INTO `cities` (`id`,`code`,`description`,`is_enabled`,`state_id`) VALUES (862,'GFXWH','Rafael Obligado',0,1);
INSERT INTO `cities` (`id`,`code`,`description`,`is_enabled`,`state_id`) VALUES (863,'RA0','Ramallo',0,1);
INSERT INTO `cities` (`id`,`code`,`description`,`is_enabled`,`state_id`) VALUES (864,'IMAOG','Ramos Mejia',0,1);
INSERT INTO `cities` (`id`,`code`,`description`,`is_enabled`,`state_id`) VALUES (865,'XLGLA','Ramos Otero',0,1);
INSERT INTO `cities` (`id`,`code`,`description`,`is_enabled`,`state_id`) VALUES (866,'ILLFH','Ramón Biaus',0,1);
INSERT INTO `cities` (`id`,`code`,`description`,`is_enabled`,`state_id`) VALUES (867,'XYLSK','Ramón Báez',0,1);
INSERT INTO `cities` (`id`,`code`,`description`,`is_enabled`,`state_id`) VALUES (868,'ZNRCP','Ramón J. Neild',0,1);
INSERT INTO `cities` (`id`,`code`,`description`,`is_enabled`,`state_id`) VALUES (869,'GEIYJ','Ramón Santamarina',0,1);
INSERT INTO `cities` (`id`,`code`,`description`,`is_enabled`,`state_id`) VALUES (870,'CDKWJ','Rancagua',0,1);
INSERT INTO `cities` (`id`,`code`,`description`,`is_enabled`,`state_id`) VALUES (871,'BRDTG','Ranchos',0,1);
INSERT INTO `cities` (`id`,`code`,`description`,`is_enabled`,`state_id`) VALUES (872,'RVDCP','Ranelagh',0,1);
INSERT INTO `cities` (`id`,`code`,`description`,`is_enabled`,`state_id`) VALUES (873,'AMWKN','Rauch',0,1);
INSERT INTO `cities` (`id`,`code`,`description`,`is_enabled`,`state_id`) VALUES (874,'CBXNR','Raulet',0,1);
INSERT INTO `cities` (`id`,`code`,`description`,`is_enabled`,`state_id`) VALUES (875,'JOHVI','Rawson',0,1);
INSERT INTO `cities` (`id`,`code`,`description`,`is_enabled`,`state_id`) VALUES (876,'FXOPR','Real Audiencia',0,1);
INSERT INTO `cities` (`id`,`code`,`description`,`is_enabled`,`state_id`) VALUES (877,'RUWZV','Recalde',0,1);
INSERT INTO `cities` (`id`,`code`,`description`,`is_enabled`,`state_id`) VALUES (878,'HSYSX','Remedios de Escalada',0,1);
INSERT INTO `cities` (`id`,`code`,`description`,`is_enabled`,`state_id`) VALUES (879,'EMXKD','Reserva',0,1);
INSERT INTO `cities` (`id`,`code`,`description`,`is_enabled`,`state_id`) VALUES (880,'EYIOI','Reta',0,1);
INSERT INTO `cities` (`id`,`code`,`description`,`is_enabled`,`state_id`) VALUES (881,'EPOYZ','Ricardo Gaviña',0,1);
INSERT INTO `cities` (`id`,`code`,`description`,`is_enabled`,`state_id`) VALUES (882,'FTDRP','Ringuelet',0,1);
INSERT INTO `cities` (`id`,`code`,`description`,`is_enabled`,`state_id`) VALUES (883,'PYMVI','Rio Lujan',0,1);
INSERT INTO `cities` (`id`,`code`,`description`,`is_enabled`,`state_id`) VALUES (884,'MVCZA','Rio Tala',0,1);
INSERT INTO `cities` (`id`,`code`,`description`,`is_enabled`,`state_id`) VALUES (885,'MIQPM','Rivadavia',0,1);
INSERT INTO `cities` (`id`,`code`,`description`,`is_enabled`,`state_id`) VALUES (886,'JQYUH','Rivadeo',0,1);
INSERT INTO `cities` (`id`,`code`,`description`,`is_enabled`,`state_id`) VALUES (887,'MVTWM','Rivas',0,1);
INSERT INTO `cities` (`id`,`code`,`description`,`is_enabled`,`state_id`) VALUES (888,'UCQRC','Rivera',0,1);
INSERT INTO `cities` (`id`,`code`,`description`,`is_enabled`,`state_id`) VALUES (889,'PSDRT','Roberto Cano',0,1);
INSERT INTO `cities` (`id`,`code`,`description`,`is_enabled`,`state_id`) VALUES (890,'HMGRJ','Roberto Payró',0,1);
INSERT INTO `cities` (`id`,`code`,`description`,`is_enabled`,`state_id`) VALUES (891,'VIKNN','Roberts',0,1);
INSERT INTO `cities` (`id`,`code`,`description`,`is_enabled`,`state_id`) VALUES (892,'YMQDD','Rocha',0,1);
INSERT INTO `cities` (`id`,`code`,`description`,`is_enabled`,`state_id`) VALUES (893,'ZSRHV','Rojas',0,1);
INSERT INTO `cities` (`id`,`code`,`description`,`is_enabled`,`state_id`) VALUES (894,'PXXNW','Roosevelt',0,1);
INSERT INTO `cities` (`id`,`code`,`description`,`is_enabled`,`state_id`) VALUES (895,'LPKCL','Roque Perez',0,1);
INSERT INTO `cities` (`id`,`code`,`description`,`is_enabled`,`state_id`) VALUES (896,'YBWJS','Rosas',0,1);
INSERT INTO `cities` (`id`,`code`,`description`,`is_enabled`,`state_id`) VALUES (897,'UZQDT','Ruiz',0,1);
INSERT INTO `cities` (`id`,`code`,`description`,`is_enabled`,`state_id`) VALUES (898,'FRIFN','Saavedra',0,1);
INSERT INTO `cities` (`id`,`code`,`description`,`is_enabled`,`state_id`) VALUES (899,'SZQ','Saenz Pena',0,1);
INSERT INTO `cities` (`id`,`code`,`description`,`is_enabled`,`state_id`) VALUES (900,'DOZLU','Saforcada',0,1);
INSERT INTO `cities` (`id`,`code`,`description`,`is_enabled`,`state_id`) VALUES (901,'ZQVCD','Saladillo',0,1);
INSERT INTO `cities` (`id`,`code`,`description`,`is_enabled`,`state_id`) VALUES (902,'AYIRZ','Salazar',0,1);
INSERT INTO `cities` (`id`,`code`,`description`,`is_enabled`,`state_id`) VALUES (903,'WQJPB','Saldungaray',0,1);
INSERT INTO `cities` (`id`,`code`,`description`,`is_enabled`,`state_id`) VALUES (904,'DJPFX','Salliquelo',0,1);
INSERT INTO `cities` (`id`,`code`,`description`,`is_enabled`,`state_id`) VALUES (905,'GGOQT','Salto',0,1);
INSERT INTO `cities` (`id`,`code`,`description`,`is_enabled`,`state_id`) VALUES (906,'KUCZV','Salvador María',0,1);
INSERT INTO `cities` (`id`,`code`,`description`,`is_enabled`,`state_id`) VALUES (907,'LYNXH','Samborombón',0,1);
INSERT INTO `cities` (`id`,`code`,`description`,`is_enabled`,`state_id`) VALUES (908,'QEMFS','San Agustín',0,1);
INSERT INTO `cities` (`id`,`code`,`description`,`is_enabled`,`state_id`) VALUES (909,'RPDGP','San Andres de Giles',0,1);
INSERT INTO `cities` (`id`,`code`,`description`,`is_enabled`,`state_id`) VALUES (910,'MBCMH','San Andrés',0,1);
INSERT INTO `cities` (`id`,`code`,`description`,`is_enabled`,`state_id`) VALUES (911,'SA5','San Antonio de Areco',0,1);
INSERT INTO `cities` (`id`,`code`,`description`,`is_enabled`,`state_id`) VALUES (912,'ABOMW','San Antonio de Padua',0,1);
INSERT INTO `cities` (`id`,`code`,`description`,`is_enabled`,`state_id`) VALUES (913,'YFCME','San Benito',0,1);
INSERT INTO `cities` (`id`,`code`,`description`,`is_enabled`,`state_id`) VALUES (914,'SB1','San Bernardo',0,1);
INSERT INTO `cities` (`id`,`code`,`description`,`is_enabled`,`state_id`) VALUES (915,'STMQX','San Blas',0,1);
INSERT INTO `cities` (`id`,`code`,`description`,`is_enabled`,`state_id`) VALUES (916,'YBTFX','San Carlos de Bolivar',0,1);
INSERT INTO `cities` (`id`,`code`,`description`,`is_enabled`,`state_id`) VALUES (917,'QNQSD','San Cayetano',0,1);
INSERT INTO `cities` (`id`,`code`,`description`,`is_enabled`,`state_id`) VALUES (918,'ST3','San Clemente del Tuyu',0,1);
INSERT INTO `cities` (`id`,`code`,`description`,`is_enabled`,`state_id`) VALUES (919,'FUOQS','San Eladio',0,1);
INSERT INTO `cities` (`id`,`code`,`description`,`is_enabled`,`state_id`) VALUES (920,'QSKCQ','San Emilio',0,1);
INSERT INTO `cities` (`id`,`code`,`description`,`is_enabled`,`state_id`) VALUES (921,'NUBUU','San Enrique',0,1);
INSERT INTO `cities` (`id`,`code`,`description`,`is_enabled`,`state_id`) VALUES (922,'AKTTV','San Fermín',0,1);
INSERT INTO `cities` (`id`,`code`,`description`,`is_enabled`,`state_id`) VALUES (923,'SF1','San Fernando',1,1);
INSERT INTO `cities` (`id`,`code`,`description`,`is_enabled`,`state_id`) VALUES (924,'PYKSP','San Francisco Solano',0,1);
INSERT INTO `cities` (`id`,`code`,`description`,`is_enabled`,`state_id`) VALUES (925,'KWVKW','San Francisco de Bellocq',0,1);
INSERT INTO `cities` (`id`,`code`,`description`,`is_enabled`,`state_id`) VALUES (926,'ATUFP','San Germán',0,1);
INSERT INTO `cities` (`id`,`code`,`description`,`is_enabled`,`state_id`) VALUES (927,'UCQUV','San Ignacio',0,1);
INSERT INTO `cities` (`id`,`code`,`description`,`is_enabled`,`state_id`) VALUES (928,'SI2','San Isidro',1,1);
INSERT INTO `cities` (`id`,`code`,`description`,`is_enabled`,`state_id`) VALUES (929,'BLOPE','San Jacinto',0,1);
INSERT INTO `cities` (`id`,`code`,`description`,`is_enabled`,`state_id`) VALUES (930,'HMDEG','San Jorge',0,1);
INSERT INTO `cities` (`id`,`code`,`description`,`is_enabled`,`state_id`) VALUES (931,'EARJH','San José',0,1);
INSERT INTO `cities` (`id`,`code`,`description`,`is_enabled`,`state_id`) VALUES (932,'VZNEU','San Justo',0,1);
INSERT INTO `cities` (`id`,`code`,`description`,`is_enabled`,`state_id`) VALUES (933,'MLOFZ','San Manuel',0,1);
INSERT INTO `cities` (`id`,`code`,`description`,`is_enabled`,`state_id`) VALUES (934,'ZWFWB','San Mauricio',0,1);
INSERT INTO `cities` (`id`,`code`,`description`,`is_enabled`,`state_id`) VALUES (935,'IWRRO','San Mayol',0,1);
INSERT INTO `cities` (`id`,`code`,`description`,`is_enabled`,`state_id`) VALUES (936,'ZLTGQ','San Miguel',1,1);
INSERT INTO `cities` (`id`,`code`,`description`,`is_enabled`,`state_id`) VALUES (937,'YYTJL','San Miguel del Monte',0,1);
INSERT INTO `cities` (`id`,`code`,`description`,`is_enabled`,`state_id`) VALUES (938,'SN3','San Nicolas',0,1);
INSERT INTO `cities` (`id`,`code`,`description`,`is_enabled`,`state_id`) VALUES (939,'MVJLZ','San Patricio',0,1);
INSERT INTO `cities` (`id`,`code`,`description`,`is_enabled`,`state_id`) VALUES (940,'SP1','San Pedro',0,1);
INSERT INTO `cities` (`id`,`code`,`description`,`is_enabled`,`state_id`) VALUES (941,'UJAEJ','San Román',0,1);
INSERT INTO `cities` (`id`,`code`,`description`,`is_enabled`,`state_id`) VALUES (942,'OHPRX','San Sebastián',0,1);
INSERT INTO `cities` (`id`,`code`,`description`,`is_enabled`,`state_id`) VALUES (943,'CJLHA','San Vicente',1,1);
INSERT INTO `cities` (`id`,`code`,`description`,`is_enabled`,`state_id`) VALUES (944,'BOYRH','Sansinena',0,1);
INSERT INTO `cities` (`id`,`code`,`description`,`is_enabled`,`state_id`) VALUES (945,'CVOOI','Santa Catalina',0,1);
INSERT INTO `cities` (`id`,`code`,`description`,`is_enabled`,`state_id`) VALUES (946,'SSREL','Santa Catalina - Dique Lujan',0,1);
INSERT INTO `cities` (`id`,`code`,`description`,`is_enabled`,`state_id`) VALUES (947,'ERYTZ','Santa Clara del Mar',0,1);
INSERT INTO `cities` (`id`,`code`,`description`,`is_enabled`,`state_id`) VALUES (948,'ZGDGH','Santa Coloma',0,1);
INSERT INTO `cities` (`id`,`code`,`description`,`is_enabled`,`state_id`) VALUES (949,'DCLKV','Santa Elena',0,1);
INSERT INTO `cities` (`id`,`code`,`description`,`is_enabled`,`state_id`) VALUES (950,'ZJBUP','Santa Eleodora',0,1);
INSERT INTO `cities` (`id`,`code`,`description`,`is_enabled`,`state_id`) VALUES (951,'IYPTK','Santa Inés',0,1);
INSERT INTO `cities` (`id`,`code`,`description`,`is_enabled`,`state_id`) VALUES (952,'AJLSE','Santa Lucia',0,1);
INSERT INTO `cities` (`id`,`code`,`description`,`is_enabled`,`state_id`) VALUES (953,'IBBUT','Santa Luisa',0,1);
INSERT INTO `cities` (`id`,`code`,`description`,`is_enabled`,`state_id`) VALUES (954,'ZIPRC','Santa María',0,1);
INSERT INTO `cities` (`id`,`code`,`description`,`is_enabled`,`state_id`) VALUES (955,'YELHT','Santa Regina',0,1);
INSERT INTO `cities` (`id`,`code`,`description`,`is_enabled`,`state_id`) VALUES (956,'SST','Santa Teresita',0,1);
INSERT INTO `cities` (`id`,`code`,`description`,`is_enabled`,`state_id`) VALUES (957,'ITEOX','Santa Trinidad',0,1);
INSERT INTO `cities` (`id`,`code`,`description`,`is_enabled`,`state_id`) VALUES (958,'JVULG','Santiago Garbarini',0,1);
INSERT INTO `cities` (`id`,`code`,`description`,`is_enabled`,`state_id`) VALUES (959,'WCFKZ','Santiago Larre',0,1);
INSERT INTO `cities` (`id`,`code`,`description`,`is_enabled`,`state_id`) VALUES (960,'LMJZV','Santo Domingo',0,1);
INSERT INTO `cities` (`id`,`code`,`description`,`is_enabled`,`state_id`) VALUES (961,'VDRJX','Santo Tomás',0,1);
INSERT INTO `cities` (`id`,`code`,`description`,`is_enabled`,`state_id`) VALUES (962,'TJZES','Santos Lugares',0,1);
INSERT INTO `cities` (`id`,`code`,`description`,`is_enabled`,`state_id`) VALUES (963,'TSOLQ','Santos Unzué',0,1);
INSERT INTO `cities` (`id`,`code`,`description`,`is_enabled`,`state_id`) VALUES (964,'GBUVL','Sarandi',0,1);
INSERT INTO `cities` (`id`,`code`,`description`,`is_enabled`,`state_id`) VALUES (965,'EOZYH','Sarasa',0,1);
INSERT INTO `cities` (`id`,`code`,`description`,`is_enabled`,`state_id`) VALUES (966,'ZJYBU','Saturno',0,1);
INSERT INTO `cities` (`id`,`code`,`description`,`is_enabled`,`state_id`) VALUES (967,'XEZLE','Segurola',0,1);
INSERT INTO `cities` (`id`,`code`,`description`,`is_enabled`,`state_id`) VALUES (968,'MTDFS','Sevigné',0,1);
INSERT INTO `cities` (`id`,`code`,`description`,`is_enabled`,`state_id`) VALUES (969,'AITGY','Shaw',0,1);
INSERT INTO `cities` (`id`,`code`,`description`,`is_enabled`,`state_id`) VALUES (970,'FRPDK','Sierra Chica',0,1);
INSERT INTO `cities` (`id`,`code`,`description`,`is_enabled`,`state_id`) VALUES (971,'SV1','Sierra de la Ventana',0,1);
INSERT INTO `cities` (`id`,`code`,`description`,`is_enabled`,`state_id`) VALUES (972,'ETGCC','Sierra de los Padres',0,1);
INSERT INTO `cities` (`id`,`code`,`description`,`is_enabled`,`state_id`) VALUES (973,'HPCMH','Sierras Bayas',0,1);
INSERT INTO `cities` (`id`,`code`,`description`,`is_enabled`,`state_id`) VALUES (974,'DPXYH','Smith',0,1);
INSERT INTO `cities` (`id`,`code`,`description`,`is_enabled`,`state_id`) VALUES (975,'VXNJK','Sol de Mayo',0,1);
INSERT INTO `cities` (`id`,`code`,`description`,`is_enabled`,`state_id`) VALUES (976,'MCBPQ','Solanet',0,1);
INSERT INTO `cities` (`id`,`code`,`description`,`is_enabled`,`state_id`) VALUES (977,'TOCQR','Solano',0,1);
INSERT INTO `cities` (`id`,`code`,`description`,`is_enabled`,`state_id`) VALUES (978,'RZZHT','Solís',0,1);
INSERT INTO `cities` (`id`,`code`,`description`,`is_enabled`,`state_id`) VALUES (979,'CZPHE','Spurr',0,1);
INSERT INTO `cities` (`id`,`code`,`description`,`is_enabled`,`state_id`) VALUES (980,'HKTNW','Stroeder',0,1);
INSERT INTO `cities` (`id`,`code`,`description`,`is_enabled`,`state_id`) VALUES (981,'YTSTN','Sucre',0,1);
INSERT INTO `cities` (`id`,`code`,`description`,`is_enabled`,`state_id`) VALUES (982,'MAWML','Suipacha',0,1);
INSERT INTO `cities` (`id`,`code`,`description`,`is_enabled`,`state_id`) VALUES (983,'SFZJZ','Sundblad',0,1);
INSERT INTO `cities` (`id`,`code`,`description`,`is_enabled`,`state_id`) VALUES (984,'NUXYG','Sánchez',0,1);
INSERT INTO `cities` (`id`,`code`,`description`,`is_enabled`,`state_id`) VALUES (985,'ZZZLZ','Tablada',0,1);
INSERT INTO `cities` (`id`,`code`,`description`,`is_enabled`,`state_id`) VALUES (986,'PTTBG','Tacuarí',0,1);
INSERT INTO `cities` (`id`,`code`,`description`,`is_enabled`,`state_id`) VALUES (987,'XJBQH','Tamangueyú',0,1);
INSERT INTO `cities` (`id`,`code`,`description`,`is_enabled`,`state_id`) VALUES (988,'SSZNP','Tambo Nuevo',0,1);
INSERT INTO `cities` (`id`,`code`,`description`,`is_enabled`,`state_id`) VALUES (989,'TDL','Tandil',0,1);
INSERT INTO `cities` (`id`,`code`,`description`,`is_enabled`,`state_id`) VALUES (990,'LBZZV','Tapalque',0,1);
INSERT INTO `cities` (`id`,`code`,`description`,`is_enabled`,`state_id`) VALUES (991,'LGQDT','Tatay',0,1);
INSERT INTO `cities` (`id`,`code`,`description`,`is_enabled`,`state_id`) VALUES (992,'GYJIQ','Tedín Uriburu',0,1);
INSERT INTO `cities` (`id`,`code`,`description`,`is_enabled`,`state_id`) VALUES (993,'SLPKT','Tejedor Chico',0,1);
INSERT INTO `cities` (`id`,`code`,`description`,`is_enabled`,`state_id`) VALUES (994,'WAECU','Temperley',0,1);
INSERT INTO `cities` (`id`,`code`,`description`,`is_enabled`,`state_id`) VALUES (995,'OBVUK','Teniente Coronel Miñana',0,1);
INSERT INTO `cities` (`id`,`code`,`description`,`is_enabled`,`state_id`) VALUES (996,'QSHTM','Teniente Origone',0,1);
INSERT INTO `cities` (`id`,`code`,`description`,`is_enabled`,`state_id`) VALUES (997,'SBRWI','Thames',0,1);
INSERT INTO `cities` (`id`,`code`,`description`,`is_enabled`,`state_id`) VALUES (998,'TI5','Tigre',1,1);
INSERT INTO `cities` (`id`,`code`,`description`,`is_enabled`,`state_id`) VALUES (999,'GDYXJ','Timote',0,1);
INSERT INTO `cities` (`id`,`code`,`description`,`is_enabled`,`state_id`) VALUES (1000,'HHXYL','Timote Chico',0,1);
INSERT INTO `cities` (`id`,`code`,`description`,`is_enabled`,`state_id`) VALUES (1001,'CABA1','Almagro',1,5);
INSERT INTO `cities` (`id`,`code`,`description`,`is_enabled`,`state_id`) VALUES (1002,'CABA2','Balvanera',1,5);
INSERT INTO `cities` (`id`,`code`,`description`,`is_enabled`,`state_id`) VALUES (1003,'CABA3','Agronomía',1,5);
INSERT INTO `cities` (`id`,`code`,`description`,`is_enabled`,`state_id`) VALUES (1004,'CABA4','Barracas',1,5);
INSERT INTO `cities` (`id`,`code`,`description`,`is_enabled`,`state_id`) VALUES (1005,'CABA5','Belgrano',1,5);
INSERT INTO `cities` (`id`,`code`,`description`,`is_enabled`,`state_id`) VALUES (1006,'CABA6','Boedo',1,5);
INSERT INTO `cities` (`id`,`code`,`description`,`is_enabled`,`state_id`) VALUES (1007,'CABA7','Caballito',1,5);
INSERT INTO `cities` (`id`,`code`,`description`,`is_enabled`,`state_id`) VALUES (1008,'CABA8','Chacarita',1,5);
INSERT INTO `cities` (`id`,`code`,`description`,`is_enabled`,`state_id`) VALUES (1009,'CABA9','Coghlan',1,5);
INSERT INTO `cities` (`id`,`code`,`description`,`is_enabled`,`state_id`) VALUES (1010,'CABB1','Colegiales',1,5);
INSERT INTO `cities` (`id`,`code`,`description`,`is_enabled`,`state_id`) VALUES (1011,'CABB2','Constitución',1,5);
INSERT INTO `cities` (`id`,`code`,`description`,`is_enabled`,`state_id`) VALUES (1012,'CABB3','Flores',1,5);
INSERT INTO `cities` (`id`,`code`,`description`,`is_enabled`,`state_id`) VALUES (1013,'CABB4','Floresta',1,5);
INSERT INTO `cities` (`id`,`code`,`description`,`is_enabled`,`state_id`) VALUES (1014,'CABB5','La Boca',1,5);
INSERT INTO `cities` (`id`,`code`,`description`,`is_enabled`,`state_id`) VALUES (1015,'CABB6','La Paternal',1,5);
INSERT INTO `cities` (`id`,`code`,`description`,`is_enabled`,`state_id`) VALUES (1016,'CABB7','Liniers',1,5);
INSERT INTO `cities` (`id`,`code`,`description`,`is_enabled`,`state_id`) VALUES (1017,'CABB8','Mataderos',1,5);
INSERT INTO `cities` (`id`,`code`,`description`,`is_enabled`,`state_id`) VALUES (1018,'CABB9','Monte Castro',1,5);
INSERT INTO `cities` (`id`,`code`,`description`,`is_enabled`,`state_id`) VALUES (1019,'CABC1','Montserrat',1,5);
INSERT INTO `cities` (`id`,`code`,`description`,`is_enabled`,`state_id`) VALUES (1020,'CABC2','Nueva Pompeya',1,5);
INSERT INTO `cities` (`id`,`code`,`description`,`is_enabled`,`state_id`) VALUES (1021,'CABC3','Nuñez',1,5);
INSERT INTO `cities` (`id`,`code`,`description`,`is_enabled`,`state_id`) VALUES (1022,'CABC4','Palermo',1,5);
INSERT INTO `cities` (`id`,`code`,`description`,`is_enabled`,`state_id`) VALUES (1023,'CABC5','Parque Avellaneda',1,5);
INSERT INTO `cities` (`id`,`code`,`description`,`is_enabled`,`state_id`) VALUES (1024,'CABC6','Parque Chacabuco',1,5);
INSERT INTO `cities` (`id`,`code`,`description`,`is_enabled`,`state_id`) VALUES (1025,'CABC7','Parque Chas',1,5);
INSERT INTO `cities` (`id`,`code`,`description`,`is_enabled`,`state_id`) VALUES (1026,'CABC8','Parque Patricios',1,5);
INSERT INTO `cities` (`id`,`code`,`description`,`is_enabled`,`state_id`) VALUES (1027,'CABC9','Puerto Madero',1,5);
INSERT INTO `cities` (`id`,`code`,`description`,`is_enabled`,`state_id`) VALUES (1028,'CABD1','Recoleta',1,5);
INSERT INTO `cities` (`id`,`code`,`description`,`is_enabled`,`state_id`) VALUES (1029,'CABD2','Retiro',1,5);
INSERT INTO `cities` (`id`,`code`,`description`,`is_enabled`,`state_id`) VALUES (1030,'CABD3','Saavedra',1,5);
INSERT INTO `cities` (`id`,`code`,`description`,`is_enabled`,`state_id`) VALUES (1031,'CABD4','San Cristóbal',1,5);
INSERT INTO `cities` (`id`,`code`,`description`,`is_enabled`,`state_id`) VALUES (1032,'CABD5','San Nicolás',1,5);
INSERT INTO `cities` (`id`,`code`,`description`,`is_enabled`,`state_id`) VALUES (1033,'CABD6','San Telmo',1,5);
INSERT INTO `cities` (`id`,`code`,`description`,`is_enabled`,`state_id`) VALUES (1034,'CABD7','Vélez Sarsfield',1,5);
INSERT INTO `cities` (`id`,`code`,`description`,`is_enabled`,`state_id`) VALUES (1035,'CABD8','Versalles',1,5);
INSERT INTO `cities` (`id`,`code`,`description`,`is_enabled`,`state_id`) VALUES (1036,'CABD9','Villa Crespo',1,5);
INSERT INTO `cities` (`id`,`code`,`description`,`is_enabled`,`state_id`) VALUES (1037,'CABE1','Villa del Parque',1,5);
INSERT INTO `cities` (`id`,`code`,`description`,`is_enabled`,`state_id`) VALUES (1038,'CABE2','Villa Devoto',1,5);
INSERT INTO `cities` (`id`,`code`,`description`,`is_enabled`,`state_id`) VALUES (1039,'CABE3','Villa Luro',1,5);
INSERT INTO `cities` (`id`,`code`,`description`,`is_enabled`,`state_id`) VALUES (1040,'CABE4','Villa General Mitre',1,5);
INSERT INTO `cities` (`id`,`code`,`description`,`is_enabled`,`state_id`) VALUES (1041,'CABE5','Villa Lugano',1,5);
INSERT INTO `cities` (`id`,`code`,`description`,`is_enabled`,`state_id`) VALUES (1042,'CABE6','Villa Ortúzar',1,5);
INSERT INTO `cities` (`id`,`code`,`description`,`is_enabled`,`state_id`) VALUES (1043,'CABE7','Villa Pueyrredón',1,5);
INSERT INTO `cities` (`id`,`code`,`description`,`is_enabled`,`state_id`) VALUES (1044,'CABE8','Villa Real',1,5);
INSERT INTO `cities` (`id`,`code`,`description`,`is_enabled`,`state_id`) VALUES (1045,'CABE9','Villa Riachuelo',1,5);
INSERT INTO `cities` (`id`,`code`,`description`,`is_enabled`,`state_id`) VALUES (1046,'CABF1','Villa Santa Rita',1,5);
INSERT INTO `cities` (`id`,`code`,`description`,`is_enabled`,`state_id`) VALUES (1047,'CABF2','Villa Soldati',1,5);
INSERT INTO `cities` (`id`,`code`,`description`,`is_enabled`,`state_id`) VALUES (1048,'CABF3','Villa Urquiza',1,5);


INSERT INTO `currencies` (`id`, `code`, `is_enabled`, `name`, `symbol`,`country_id`) VALUES (1, 'USD', 1, 'Dólar', 'U$S',62);
INSERT INTO `currencies` (`id`, `code`, `is_enabled`, `name`, `symbol`,`country_id`) VALUES (2, 'ARS', 1, 'Peso Argentino', '$',11);
INSERT INTO `currencies` (`id`, `code`, `is_enabled`, `name`, `symbol`,`country_id`) VALUES (3, 'BRL', 0, 'Real', 'R$',28);

INSERT INTO `rate_plans` (`id`,`amount`,`code`,`created_at`,`is_enabled`,`package_type`,`percentage_quantity`,`period_type`,`currency_id`,`description`) VALUES (1,0.00,'PLAN1','2014-09-27 00:00:00',1,'FIXED',NULL,'MONTH',2,'Cargo fijo mensual');
INSERT INTO `rate_plans` (`id`,`amount`,`code`,`created_at`,`is_enabled`,`package_type`,`percentage_quantity`,`period_type`,`currency_id`,`description`) VALUES (2,0.00,'PLAN2','2014-09-27 00:00:00',1,'SERVICE',NULL,NULL,2,'Cargo fijo por servicio concretado');
INSERT INTO `rate_plans` (`id`,`amount`,`code`,`created_at`,`is_enabled`,`package_type`,`percentage_quantity`,`period_type`,`currency_id`,`description`) VALUES (3,NULL,'PLAN3','2014-09-27 00:00:00',1,'PERCENTAGE',0.00,NULL,NULL,'Porcentaje fijo sobre el precio por servicio concretado');

UPDATE singuia.cities  set is_enabled=false where state_id=1;
UPDATE singuia.cities set is_enabled=true where description in ('Almirante Brown','Avellaneda','Berazategui','Esteban Echeverría','Ezeiza','Florencio Varela','General San Martín','Hurlingham','Ituzaingó','José C. Paz','La Matanza','Lanús','Lomas de Zamora','Malvinas Argentinas','Merlo','Moreno','Morón','Quilmes','San Fernando','San Isidro','San Miguel','Tigre','Tres de Febrero','Vicente López','Pilar','Escobar','General Rodríguez','Presidente Perón','San Vicente','Marcos Paz','Cañuelas','La Plata') and state_id=1;

INSERT INTO `user_accounts` (`id`,`creation_time`,`modification_time`,`version`,`email`,`first_name`,`is_enabled`,`is_professional`,`last_name`,`password`,`role`,`sign_in_provider`,`telephone`,`country_id`) VALUES (3,'2014-09-25 17:07:54','2014-09-25 17:07:54',0,'prof@singuia.com','prof',1,1,'prof','$2a$10$VQhrCJRpbHormQgK36oune9zvIPBg.ff49pxEM6hJs8Ycwar/cH.q','ROLE_USER',NULL,'45641234',11);
INSERT INTO `user_accounts` (`id`,`creation_time`,`modification_time`,`version`,`email`,`first_name`,`is_enabled`,`is_professional`,`last_name`,`password`,`role`,`sign_in_provider`,`telephone`,`country_id`) VALUES (4,'2014-09-25 17:25:47','2014-09-25 17:25:47',0,'prof2@singuia.com','prof2',1,1,'prof2','$2a$10$RKR9em40sCckPHWouRzhmuNF7V/rGyn.ms.jqP9FxmDwjPjz0g5gC','ROLE_USER',NULL,'987654321',11);
INSERT INTO `user_accounts` (`id`,`creation_time`,`modification_time`,`version`,`email`,`first_name`,`is_enabled`,`is_professional`,`last_name`,`password`,`role`,`sign_in_provider`,`telephone`,`country_id`) VALUES (5,'2014-09-25 17:26:10','2014-09-25 17:26:10',0,'prof3@singuia.com','prof3',1,1,'prof3','$2a$10$ieQ50trtK1lK5YKvy063f.r6UcxskJPYNkl.PMe8dxQOW3X0tk122','ROLE_USER',NULL,'45631234',11);
INSERT INTO `user_accounts` (`id`,`creation_time`,`modification_time`,`version`,`email`,`first_name`,`is_enabled`,`is_professional`,`last_name`,`password`,`role`,`sign_in_provider`,`telephone`,`country_id`) VALUES (6,'2014-09-27 12:10:11','2014-09-27 12:10:11',0,'user@singuia.com','user',1,0,'user','$2a$10$qK2U3pnBGulTXPRcOh4FduO8.OYC8RAAQmbSJWP8ZYaeK5q.34cXK','ROLE_USER',NULL,'',11);
INSERT INTO `user_accounts` (`id`,`creation_time`,`modification_time`,`version`,`email`,`first_name`,`is_enabled`,`is_professional`,`last_name`,`password`,`role`,`sign_in_provider`,`telephone`,`country_id`) VALUES (7,'2014-09-27 12:10:27','2014-09-27 12:10:27',0,'user2@singuia.com','user2',1,0,'user2','$2a$10$Zom43sd9kjnjVSJmqOrjRuGacIVAmblyPb8g5ISUCagUEByTfSyX6','ROLE_USER',NULL,'',11);
INSERT INTO `user_accounts` (`id`,`creation_time`,`modification_time`,`version`,`email`,`first_name`,`is_enabled`,`is_professional`,`last_name`,`password`,`role`,`sign_in_provider`,`telephone`,`country_id`) VALUES (8,'2014-09-27 12:10:41','2014-09-27 12:10:41',0,'user3@singuia.com','user3',1,0,'user3','$2a$10$i8B50fzq2E4VP7kAXGH1PeTwr5CEIeOUhVcW/wUR.AC0Amtji6Y.y','ROLE_USER',NULL,'',11);
INSERT INTO `user_accounts` (`id`,`creation_time`,`modification_time`,`version`,`email`,`first_name`,`is_enabled`,`is_professional`,`last_name`,`password`,`role`,`sign_in_provider`,`telephone`,`country_id`) VALUES (9,'2014-09-27 12:10:41','2014-09-27 12:10:41',0,'admin@singuia.com','admin',1,0,'admin','$2a$10$i8B50fzq2E4VP7kAXGH1PeTwr5CEIeOUhVcW/wUR.AC0Amtji6Y.y','ROLE_ADMIN',NULL,'',11);

INSERT INTO `user_rate_plans` (`id`,`created_at`,`is_enabled`,`updated_at`,`rate_plan_id`,`user_id`) VALUES (1,'2014-09-25 17:07:54',1,'2014-09-25 17:07:54',1,3);
INSERT INTO `user_rate_plans` (`id`,`created_at`,`is_enabled`,`updated_at`,`rate_plan_id`,`user_id`) VALUES (2,'2014-09-25 17:25:47',1,'2014-09-25 17:25:47',1,4);
INSERT INTO `user_rate_plans` (`id`,`created_at`,`is_enabled`,`updated_at`,`rate_plan_id`,`user_id`) VALUES (3,'2014-09-25 17:26:10',1,'2014-09-25 17:26:10',1,5);

INSERT INTO `user_work_rate_summarizes` (`id`,`created_at`,`negative_quantity`,`neutral_quantity`,`positive_quantity`,`updated_at`,`user_id`) VALUES (1,'2014-09-27 15:44:18',0,0,0,'2014-09-27 15:44:18',3);
INSERT INTO `user_work_rate_summarizes` (`id`,`created_at`,`negative_quantity`,`neutral_quantity`,`positive_quantity`,`updated_at`,`user_id`) VALUES (2,'2014-09-27 15:44:18',0,0,0,'2014-09-27 15:44:18',4);
INSERT INTO `user_work_rate_summarizes` (`id`,`created_at`,`negative_quantity`,`neutral_quantity`,`positive_quantity`,`updated_at`,`user_id`) VALUES (3,'2014-09-27 15:44:18',0,0,0,'2014-09-27 15:44:18',5);


INSERT INTO `user_work_zones` (`id`,`created_at`,`city_id`,`user_id`) VALUES (1,'2014-09-27 14:16:24',28,5);
INSERT INTO `user_work_zones` (`id`,`created_at`,`city_id`,`user_id`) VALUES (2,'2014-09-27 14:16:24',67,5);
INSERT INTO `user_work_zones` (`id`,`created_at`,`city_id`,`user_id`) VALUES (3,'2014-09-27 14:16:24',106,5);
INSERT INTO `user_work_zones` (`id`,`created_at`,`city_id`,`user_id`) VALUES (4,'2014-09-27 14:16:24',173,5);
INSERT INTO `user_work_zones` (`id`,`created_at`,`city_id`,`user_id`) VALUES (5,'2014-09-27 14:16:24',344,5);
INSERT INTO `user_work_zones` (`id`,`created_at`,`city_id`,`user_id`) VALUES (6,'2014-09-27 14:16:24',355,5);
INSERT INTO `user_work_zones` (`id`,`created_at`,`city_id`,`user_id`) VALUES (7,'2014-09-27 14:16:24',362,5);
INSERT INTO `user_work_zones` (`id`,`created_at`,`city_id`,`user_id`) VALUES (8,'2014-09-27 14:16:24',372,5);
INSERT INTO `user_work_zones` (`id`,`created_at`,`city_id`,`user_id`) VALUES (9,'2014-09-27 14:16:24',412,5);
INSERT INTO `user_work_zones` (`id`,`created_at`,`city_id`,`user_id`) VALUES (10,'2014-09-27 14:16:24',415,5);
INSERT INTO `user_work_zones` (`id`,`created_at`,`city_id`,`user_id`) VALUES (11,'2014-09-27 14:16:24',471,5);
INSERT INTO `user_work_zones` (`id`,`created_at`,`city_id`,`user_id`) VALUES (12,'2014-09-27 14:16:24',506,5);
INSERT INTO `user_work_zones` (`id`,`created_at`,`city_id`,`user_id`) VALUES (13,'2014-09-27 14:16:25',512,5);
INSERT INTO `user_work_zones` (`id`,`created_at`,`city_id`,`user_id`) VALUES (14,'2014-09-27 14:16:25',564,5);
INSERT INTO `user_work_zones` (`id`,`created_at`,`city_id`,`user_id`) VALUES (15,'2014-09-27 14:16:25',574,5);
INSERT INTO `user_work_zones` (`id`,`created_at`,`city_id`,`user_id`) VALUES (16,'2014-09-27 14:16:25',596,5);
INSERT INTO `user_work_zones` (`id`,`created_at`,`city_id`,`user_id`) VALUES (17,'2014-09-27 14:16:25',637,5);
INSERT INTO `user_work_zones` (`id`,`created_at`,`city_id`,`user_id`) VALUES (18,'2014-09-27 14:16:25',664,5);
INSERT INTO `user_work_zones` (`id`,`created_at`,`city_id`,`user_id`) VALUES (19,'2014-09-27 14:16:25',683,5);
INSERT INTO `user_work_zones` (`id`,`created_at`,`city_id`,`user_id`) VALUES (20,'2014-09-27 14:16:25',709,5);
INSERT INTO `user_work_zones` (`id`,`created_at`,`city_id`,`user_id`) VALUES (21,'2014-09-27 14:16:25',730,5);
INSERT INTO `user_work_zones` (`id`,`created_at`,`city_id`,`user_id`) VALUES (22,'2014-09-27 14:16:25',731,5);
INSERT INTO `user_work_zones` (`id`,`created_at`,`city_id`,`user_id`) VALUES (23,'2014-09-27 14:16:25',815,5);
INSERT INTO `user_work_zones` (`id`,`created_at`,`city_id`,`user_id`) VALUES (24,'2014-09-27 14:16:25',833,5);
INSERT INTO `user_work_zones` (`id`,`created_at`,`city_id`,`user_id`) VALUES (25,'2014-09-27 14:16:25',855,5);
INSERT INTO `user_work_zones` (`id`,`created_at`,`city_id`,`user_id`) VALUES (26,'2014-09-27 14:16:25',923,5);
INSERT INTO `user_work_zones` (`id`,`created_at`,`city_id`,`user_id`) VALUES (27,'2014-09-27 14:16:25',928,5);
INSERT INTO `user_work_zones` (`id`,`created_at`,`city_id`,`user_id`) VALUES (28,'2014-09-27 14:16:25',936,5);
INSERT INTO `user_work_zones` (`id`,`created_at`,`city_id`,`user_id`) VALUES (29,'2014-09-27 14:16:25',943,5);
INSERT INTO `user_work_zones` (`id`,`created_at`,`city_id`,`user_id`) VALUES (30,'2014-09-27 14:16:25',998,5);
INSERT INTO `user_work_zones` (`id`,`created_at`,`city_id`,`user_id`) VALUES (31,'2014-09-27 14:16:25',1003,5);
INSERT INTO `user_work_zones` (`id`,`created_at`,`city_id`,`user_id`) VALUES (32,'2014-09-27 14:16:25',1001,5);
INSERT INTO `user_work_zones` (`id`,`created_at`,`city_id`,`user_id`) VALUES (33,'2014-09-27 14:16:25',1002,5);
INSERT INTO `user_work_zones` (`id`,`created_at`,`city_id`,`user_id`) VALUES (34,'2014-09-27 14:16:25',1004,5);
INSERT INTO `user_work_zones` (`id`,`created_at`,`city_id`,`user_id`) VALUES (35,'2014-09-27 14:16:25',1005,5);
INSERT INTO `user_work_zones` (`id`,`created_at`,`city_id`,`user_id`) VALUES (36,'2014-09-27 14:16:25',1006,5);
INSERT INTO `user_work_zones` (`id`,`created_at`,`city_id`,`user_id`) VALUES (37,'2014-09-27 14:16:25',1007,5);
INSERT INTO `user_work_zones` (`id`,`created_at`,`city_id`,`user_id`) VALUES (38,'2014-09-27 14:16:25',1008,5);
INSERT INTO `user_work_zones` (`id`,`created_at`,`city_id`,`user_id`) VALUES (39,'2014-09-27 14:16:25',1009,5);
INSERT INTO `user_work_zones` (`id`,`created_at`,`city_id`,`user_id`) VALUES (40,'2014-09-27 14:16:25',1010,5);
INSERT INTO `user_work_zones` (`id`,`created_at`,`city_id`,`user_id`) VALUES (41,'2014-09-27 14:16:25',1011,5);
INSERT INTO `user_work_zones` (`id`,`created_at`,`city_id`,`user_id`) VALUES (42,'2014-09-27 14:16:25',1012,5);
INSERT INTO `user_work_zones` (`id`,`created_at`,`city_id`,`user_id`) VALUES (43,'2014-09-27 14:16:25',1013,5);
INSERT INTO `user_work_zones` (`id`,`created_at`,`city_id`,`user_id`) VALUES (44,'2014-09-27 14:16:25',1014,5);
INSERT INTO `user_work_zones` (`id`,`created_at`,`city_id`,`user_id`) VALUES (45,'2014-09-27 14:16:25',1015,5);
INSERT INTO `user_work_zones` (`id`,`created_at`,`city_id`,`user_id`) VALUES (46,'2014-09-27 14:16:25',1016,5);
INSERT INTO `user_work_zones` (`id`,`created_at`,`city_id`,`user_id`) VALUES (47,'2014-09-27 14:16:25',1017,5);
INSERT INTO `user_work_zones` (`id`,`created_at`,`city_id`,`user_id`) VALUES (48,'2014-09-27 14:16:25',1018,5);
INSERT INTO `user_work_zones` (`id`,`created_at`,`city_id`,`user_id`) VALUES (49,'2014-09-27 14:16:25',1019,5);
INSERT INTO `user_work_zones` (`id`,`created_at`,`city_id`,`user_id`) VALUES (50,'2014-09-27 14:16:25',1020,5);
INSERT INTO `user_work_zones` (`id`,`created_at`,`city_id`,`user_id`) VALUES (51,'2014-09-27 14:16:25',1021,5);
INSERT INTO `user_work_zones` (`id`,`created_at`,`city_id`,`user_id`) VALUES (52,'2014-09-27 14:16:25',1022,5);
INSERT INTO `user_work_zones` (`id`,`created_at`,`city_id`,`user_id`) VALUES (53,'2014-09-27 14:16:25',1023,5);
INSERT INTO `user_work_zones` (`id`,`created_at`,`city_id`,`user_id`) VALUES (54,'2014-09-27 14:16:25',1024,5);
INSERT INTO `user_work_zones` (`id`,`created_at`,`city_id`,`user_id`) VALUES (55,'2014-09-27 14:16:25',1025,5);
INSERT INTO `user_work_zones` (`id`,`created_at`,`city_id`,`user_id`) VALUES (56,'2014-09-27 14:16:25',1026,5);
INSERT INTO `user_work_zones` (`id`,`created_at`,`city_id`,`user_id`) VALUES (57,'2014-09-27 14:16:25',1027,5);
INSERT INTO `user_work_zones` (`id`,`created_at`,`city_id`,`user_id`) VALUES (58,'2014-09-27 14:16:25',1028,5);
INSERT INTO `user_work_zones` (`id`,`created_at`,`city_id`,`user_id`) VALUES (59,'2014-09-27 14:16:25',1029,5);
INSERT INTO `user_work_zones` (`id`,`created_at`,`city_id`,`user_id`) VALUES (60,'2014-09-27 14:16:25',1030,5);
INSERT INTO `user_work_zones` (`id`,`created_at`,`city_id`,`user_id`) VALUES (61,'2014-09-27 14:16:25',1031,5);
INSERT INTO `user_work_zones` (`id`,`created_at`,`city_id`,`user_id`) VALUES (62,'2014-09-27 14:16:25',1032,5);
INSERT INTO `user_work_zones` (`id`,`created_at`,`city_id`,`user_id`) VALUES (63,'2014-09-27 14:16:25',1033,5);
INSERT INTO `user_work_zones` (`id`,`created_at`,`city_id`,`user_id`) VALUES (64,'2014-09-27 14:16:25',1034,5);
INSERT INTO `user_work_zones` (`id`,`created_at`,`city_id`,`user_id`) VALUES (65,'2014-09-27 14:16:25',1035,5);
INSERT INTO `user_work_zones` (`id`,`created_at`,`city_id`,`user_id`) VALUES (66,'2014-09-27 14:16:25',1036,5);
INSERT INTO `user_work_zones` (`id`,`created_at`,`city_id`,`user_id`) VALUES (67,'2014-09-27 14:16:25',1037,5);
INSERT INTO `user_work_zones` (`id`,`created_at`,`city_id`,`user_id`) VALUES (68,'2014-09-27 14:16:25',1038,5);
INSERT INTO `user_work_zones` (`id`,`created_at`,`city_id`,`user_id`) VALUES (69,'2014-09-27 14:16:25',1040,5);
INSERT INTO `user_work_zones` (`id`,`created_at`,`city_id`,`user_id`) VALUES (70,'2014-09-27 14:16:25',1041,5);
INSERT INTO `user_work_zones` (`id`,`created_at`,`city_id`,`user_id`) VALUES (71,'2014-09-27 14:16:25',1039,5);
INSERT INTO `user_work_zones` (`id`,`created_at`,`city_id`,`user_id`) VALUES (72,'2014-09-27 14:16:25',1042,5);
INSERT INTO `user_work_zones` (`id`,`created_at`,`city_id`,`user_id`) VALUES (73,'2014-09-27 14:16:25',1043,5);
INSERT INTO `user_work_zones` (`id`,`created_at`,`city_id`,`user_id`) VALUES (74,'2014-09-27 14:16:25',1044,5);
INSERT INTO `user_work_zones` (`id`,`created_at`,`city_id`,`user_id`) VALUES (75,'2014-09-27 14:16:25',1045,5);
INSERT INTO `user_work_zones` (`id`,`created_at`,`city_id`,`user_id`) VALUES (76,'2014-09-27 14:16:25',1046,5);
INSERT INTO `user_work_zones` (`id`,`created_at`,`city_id`,`user_id`) VALUES (77,'2014-09-27 14:16:25',1047,5);
INSERT INTO `user_work_zones` (`id`,`created_at`,`city_id`,`user_id`) VALUES (78,'2014-09-27 14:16:25',1048,5);
INSERT INTO `user_work_zones` (`id`,`created_at`,`city_id`,`user_id`) VALUES (79,'2014-09-27 14:16:41',28,4);
INSERT INTO `user_work_zones` (`id`,`created_at`,`city_id`,`user_id`) VALUES (80,'2014-09-27 14:16:41',67,4);
INSERT INTO `user_work_zones` (`id`,`created_at`,`city_id`,`user_id`) VALUES (81,'2014-09-27 14:16:41',106,4);
INSERT INTO `user_work_zones` (`id`,`created_at`,`city_id`,`user_id`) VALUES (82,'2014-09-27 14:16:41',173,4);
INSERT INTO `user_work_zones` (`id`,`created_at`,`city_id`,`user_id`) VALUES (83,'2014-09-27 14:16:41',344,4);
INSERT INTO `user_work_zones` (`id`,`created_at`,`city_id`,`user_id`) VALUES (84,'2014-09-27 14:16:41',355,4);
INSERT INTO `user_work_zones` (`id`,`created_at`,`city_id`,`user_id`) VALUES (85,'2014-09-27 14:16:41',362,4);
INSERT INTO `user_work_zones` (`id`,`created_at`,`city_id`,`user_id`) VALUES (86,'2014-09-27 14:16:41',372,4);
INSERT INTO `user_work_zones` (`id`,`created_at`,`city_id`,`user_id`) VALUES (87,'2014-09-27 14:16:41',412,4);
INSERT INTO `user_work_zones` (`id`,`created_at`,`city_id`,`user_id`) VALUES (88,'2014-09-27 14:16:41',415,4);
INSERT INTO `user_work_zones` (`id`,`created_at`,`city_id`,`user_id`) VALUES (89,'2014-09-27 14:16:41',471,4);
INSERT INTO `user_work_zones` (`id`,`created_at`,`city_id`,`user_id`) VALUES (90,'2014-09-27 14:16:41',506,4);
INSERT INTO `user_work_zones` (`id`,`created_at`,`city_id`,`user_id`) VALUES (91,'2014-09-27 14:16:41',512,4);
INSERT INTO `user_work_zones` (`id`,`created_at`,`city_id`,`user_id`) VALUES (92,'2014-09-27 14:16:41',564,4);
INSERT INTO `user_work_zones` (`id`,`created_at`,`city_id`,`user_id`) VALUES (93,'2014-09-27 14:16:41',574,4);
INSERT INTO `user_work_zones` (`id`,`created_at`,`city_id`,`user_id`) VALUES (94,'2014-09-27 14:16:41',596,4);
INSERT INTO `user_work_zones` (`id`,`created_at`,`city_id`,`user_id`) VALUES (95,'2014-09-27 14:16:41',637,4);
INSERT INTO `user_work_zones` (`id`,`created_at`,`city_id`,`user_id`) VALUES (96,'2014-09-27 14:16:41',664,4);
INSERT INTO `user_work_zones` (`id`,`created_at`,`city_id`,`user_id`) VALUES (97,'2014-09-27 14:16:41',683,4);
INSERT INTO `user_work_zones` (`id`,`created_at`,`city_id`,`user_id`) VALUES (98,'2014-09-27 14:16:41',709,4);
INSERT INTO `user_work_zones` (`id`,`created_at`,`city_id`,`user_id`) VALUES (99,'2014-09-27 14:16:41',730,4);
INSERT INTO `user_work_zones` (`id`,`created_at`,`city_id`,`user_id`) VALUES (100,'2014-09-27 14:16:41',731,4);
INSERT INTO `user_work_zones` (`id`,`created_at`,`city_id`,`user_id`) VALUES (101,'2014-09-27 14:16:41',815,4);
INSERT INTO `user_work_zones` (`id`,`created_at`,`city_id`,`user_id`) VALUES (102,'2014-09-27 14:16:41',833,4);
INSERT INTO `user_work_zones` (`id`,`created_at`,`city_id`,`user_id`) VALUES (103,'2014-09-27 14:16:41',855,4);
INSERT INTO `user_work_zones` (`id`,`created_at`,`city_id`,`user_id`) VALUES (104,'2014-09-27 14:16:41',923,4);
INSERT INTO `user_work_zones` (`id`,`created_at`,`city_id`,`user_id`) VALUES (105,'2014-09-27 14:16:41',928,4);
INSERT INTO `user_work_zones` (`id`,`created_at`,`city_id`,`user_id`) VALUES (106,'2014-09-27 14:16:41',936,4);
INSERT INTO `user_work_zones` (`id`,`created_at`,`city_id`,`user_id`) VALUES (107,'2014-09-27 14:16:41',943,4);
INSERT INTO `user_work_zones` (`id`,`created_at`,`city_id`,`user_id`) VALUES (108,'2014-09-27 14:16:41',998,4);
INSERT INTO `user_work_zones` (`id`,`created_at`,`city_id`,`user_id`) VALUES (109,'2014-09-27 14:16:41',1003,4);
INSERT INTO `user_work_zones` (`id`,`created_at`,`city_id`,`user_id`) VALUES (110,'2014-09-27 14:16:41',1001,4);
INSERT INTO `user_work_zones` (`id`,`created_at`,`city_id`,`user_id`) VALUES (111,'2014-09-27 14:16:41',1002,4);
INSERT INTO `user_work_zones` (`id`,`created_at`,`city_id`,`user_id`) VALUES (112,'2014-09-27 14:16:41',1004,4);
INSERT INTO `user_work_zones` (`id`,`created_at`,`city_id`,`user_id`) VALUES (113,'2014-09-27 14:16:41',1005,4);
INSERT INTO `user_work_zones` (`id`,`created_at`,`city_id`,`user_id`) VALUES (114,'2014-09-27 14:16:41',1006,4);
INSERT INTO `user_work_zones` (`id`,`created_at`,`city_id`,`user_id`) VALUES (115,'2014-09-27 14:16:41',1007,4);
INSERT INTO `user_work_zones` (`id`,`created_at`,`city_id`,`user_id`) VALUES (116,'2014-09-27 14:16:41',1008,4);
INSERT INTO `user_work_zones` (`id`,`created_at`,`city_id`,`user_id`) VALUES (117,'2014-09-27 14:16:41',1009,4);
INSERT INTO `user_work_zones` (`id`,`created_at`,`city_id`,`user_id`) VALUES (118,'2014-09-27 14:16:41',1010,4);
INSERT INTO `user_work_zones` (`id`,`created_at`,`city_id`,`user_id`) VALUES (119,'2014-09-27 14:16:41',1011,4);
INSERT INTO `user_work_zones` (`id`,`created_at`,`city_id`,`user_id`) VALUES (120,'2014-09-27 14:16:41',1012,4);
INSERT INTO `user_work_zones` (`id`,`created_at`,`city_id`,`user_id`) VALUES (121,'2014-09-27 14:16:41',1013,4);
INSERT INTO `user_work_zones` (`id`,`created_at`,`city_id`,`user_id`) VALUES (122,'2014-09-27 14:16:41',1014,4);
INSERT INTO `user_work_zones` (`id`,`created_at`,`city_id`,`user_id`) VALUES (123,'2014-09-27 14:16:41',1015,4);
INSERT INTO `user_work_zones` (`id`,`created_at`,`city_id`,`user_id`) VALUES (124,'2014-09-27 14:16:41',1016,4);
INSERT INTO `user_work_zones` (`id`,`created_at`,`city_id`,`user_id`) VALUES (125,'2014-09-27 14:16:41',1017,4);
INSERT INTO `user_work_zones` (`id`,`created_at`,`city_id`,`user_id`) VALUES (126,'2014-09-27 14:16:41',1018,4);
INSERT INTO `user_work_zones` (`id`,`created_at`,`city_id`,`user_id`) VALUES (127,'2014-09-27 14:16:41',1019,4);
INSERT INTO `user_work_zones` (`id`,`created_at`,`city_id`,`user_id`) VALUES (128,'2014-09-27 14:16:41',1020,4);
INSERT INTO `user_work_zones` (`id`,`created_at`,`city_id`,`user_id`) VALUES (129,'2014-09-27 14:16:41',1021,4);
INSERT INTO `user_work_zones` (`id`,`created_at`,`city_id`,`user_id`) VALUES (130,'2014-09-27 14:16:41',1022,4);
INSERT INTO `user_work_zones` (`id`,`created_at`,`city_id`,`user_id`) VALUES (131,'2014-09-27 14:16:41',1023,4);
INSERT INTO `user_work_zones` (`id`,`created_at`,`city_id`,`user_id`) VALUES (132,'2014-09-27 14:16:41',1024,4);
INSERT INTO `user_work_zones` (`id`,`created_at`,`city_id`,`user_id`) VALUES (133,'2014-09-27 14:16:41',1025,4);
INSERT INTO `user_work_zones` (`id`,`created_at`,`city_id`,`user_id`) VALUES (134,'2014-09-27 14:16:41',1026,4);
INSERT INTO `user_work_zones` (`id`,`created_at`,`city_id`,`user_id`) VALUES (135,'2014-09-27 14:16:41',1027,4);
INSERT INTO `user_work_zones` (`id`,`created_at`,`city_id`,`user_id`) VALUES (136,'2014-09-27 14:16:41',1028,4);
INSERT INTO `user_work_zones` (`id`,`created_at`,`city_id`,`user_id`) VALUES (137,'2014-09-27 14:16:41',1029,4);
INSERT INTO `user_work_zones` (`id`,`created_at`,`city_id`,`user_id`) VALUES (138,'2014-09-27 14:16:41',1030,4);
INSERT INTO `user_work_zones` (`id`,`created_at`,`city_id`,`user_id`) VALUES (139,'2014-09-27 14:16:41',1031,4);
INSERT INTO `user_work_zones` (`id`,`created_at`,`city_id`,`user_id`) VALUES (140,'2014-09-27 14:16:41',1032,4);
INSERT INTO `user_work_zones` (`id`,`created_at`,`city_id`,`user_id`) VALUES (141,'2014-09-27 14:16:41',1033,4);
INSERT INTO `user_work_zones` (`id`,`created_at`,`city_id`,`user_id`) VALUES (142,'2014-09-27 14:16:41',1034,4);
INSERT INTO `user_work_zones` (`id`,`created_at`,`city_id`,`user_id`) VALUES (143,'2014-09-27 14:16:41',1035,4);
INSERT INTO `user_work_zones` (`id`,`created_at`,`city_id`,`user_id`) VALUES (144,'2014-09-27 14:16:41',1036,4);
INSERT INTO `user_work_zones` (`id`,`created_at`,`city_id`,`user_id`) VALUES (145,'2014-09-27 14:16:41',1037,4);
INSERT INTO `user_work_zones` (`id`,`created_at`,`city_id`,`user_id`) VALUES (146,'2014-09-27 14:16:41',1038,4);
INSERT INTO `user_work_zones` (`id`,`created_at`,`city_id`,`user_id`) VALUES (147,'2014-09-27 14:16:41',1040,4);
INSERT INTO `user_work_zones` (`id`,`created_at`,`city_id`,`user_id`) VALUES (148,'2014-09-27 14:16:41',1041,4);
INSERT INTO `user_work_zones` (`id`,`created_at`,`city_id`,`user_id`) VALUES (149,'2014-09-27 14:16:41',1039,4);
INSERT INTO `user_work_zones` (`id`,`created_at`,`city_id`,`user_id`) VALUES (150,'2014-09-27 14:16:41',1042,4);
INSERT INTO `user_work_zones` (`id`,`created_at`,`city_id`,`user_id`) VALUES (151,'2014-09-27 14:16:41',1043,4);
INSERT INTO `user_work_zones` (`id`,`created_at`,`city_id`,`user_id`) VALUES (152,'2014-09-27 14:16:41',1044,4);
INSERT INTO `user_work_zones` (`id`,`created_at`,`city_id`,`user_id`) VALUES (153,'2014-09-27 14:16:41',1045,4);
INSERT INTO `user_work_zones` (`id`,`created_at`,`city_id`,`user_id`) VALUES (154,'2014-09-27 14:16:41',1046,4);
INSERT INTO `user_work_zones` (`id`,`created_at`,`city_id`,`user_id`) VALUES (155,'2014-09-27 14:16:41',1047,4);
INSERT INTO `user_work_zones` (`id`,`created_at`,`city_id`,`user_id`) VALUES (156,'2014-09-27 14:16:41',1048,4);
INSERT INTO `user_work_zones` (`id`,`created_at`,`city_id`,`user_id`) VALUES (157,'2014-09-27 14:16:52',28,3);
INSERT INTO `user_work_zones` (`id`,`created_at`,`city_id`,`user_id`) VALUES (158,'2014-09-27 14:16:52',67,3);
INSERT INTO `user_work_zones` (`id`,`created_at`,`city_id`,`user_id`) VALUES (159,'2014-09-27 14:16:52',106,3);
INSERT INTO `user_work_zones` (`id`,`created_at`,`city_id`,`user_id`) VALUES (160,'2014-09-27 14:16:52',173,3);
INSERT INTO `user_work_zones` (`id`,`created_at`,`city_id`,`user_id`) VALUES (161,'2014-09-27 14:16:52',344,3);
INSERT INTO `user_work_zones` (`id`,`created_at`,`city_id`,`user_id`) VALUES (162,'2014-09-27 14:16:52',355,3);
INSERT INTO `user_work_zones` (`id`,`created_at`,`city_id`,`user_id`) VALUES (163,'2014-09-27 14:16:52',362,3);
INSERT INTO `user_work_zones` (`id`,`created_at`,`city_id`,`user_id`) VALUES (164,'2014-09-27 14:16:52',372,3);
INSERT INTO `user_work_zones` (`id`,`created_at`,`city_id`,`user_id`) VALUES (165,'2014-09-27 14:16:52',412,3);
INSERT INTO `user_work_zones` (`id`,`created_at`,`city_id`,`user_id`) VALUES (166,'2014-09-27 14:16:52',415,3);
INSERT INTO `user_work_zones` (`id`,`created_at`,`city_id`,`user_id`) VALUES (167,'2014-09-27 14:16:52',471,3);
INSERT INTO `user_work_zones` (`id`,`created_at`,`city_id`,`user_id`) VALUES (168,'2014-09-27 14:16:52',506,3);
INSERT INTO `user_work_zones` (`id`,`created_at`,`city_id`,`user_id`) VALUES (169,'2014-09-27 14:16:52',512,3);
INSERT INTO `user_work_zones` (`id`,`created_at`,`city_id`,`user_id`) VALUES (170,'2014-09-27 14:16:52',564,3);
INSERT INTO `user_work_zones` (`id`,`created_at`,`city_id`,`user_id`) VALUES (171,'2014-09-27 14:16:52',574,3);
INSERT INTO `user_work_zones` (`id`,`created_at`,`city_id`,`user_id`) VALUES (172,'2014-09-27 14:16:52',596,3);
INSERT INTO `user_work_zones` (`id`,`created_at`,`city_id`,`user_id`) VALUES (173,'2014-09-27 14:16:52',637,3);
INSERT INTO `user_work_zones` (`id`,`created_at`,`city_id`,`user_id`) VALUES (174,'2014-09-27 14:16:52',664,3);
INSERT INTO `user_work_zones` (`id`,`created_at`,`city_id`,`user_id`) VALUES (175,'2014-09-27 14:16:52',683,3);
INSERT INTO `user_work_zones` (`id`,`created_at`,`city_id`,`user_id`) VALUES (176,'2014-09-27 14:16:52',709,3);
INSERT INTO `user_work_zones` (`id`,`created_at`,`city_id`,`user_id`) VALUES (177,'2014-09-27 14:16:52',730,3);
INSERT INTO `user_work_zones` (`id`,`created_at`,`city_id`,`user_id`) VALUES (178,'2014-09-27 14:16:52',731,3);
INSERT INTO `user_work_zones` (`id`,`created_at`,`city_id`,`user_id`) VALUES (179,'2014-09-27 14:16:52',815,3);
INSERT INTO `user_work_zones` (`id`,`created_at`,`city_id`,`user_id`) VALUES (180,'2014-09-27 14:16:52',833,3);
INSERT INTO `user_work_zones` (`id`,`created_at`,`city_id`,`user_id`) VALUES (181,'2014-09-27 14:16:52',855,3);
INSERT INTO `user_work_zones` (`id`,`created_at`,`city_id`,`user_id`) VALUES (182,'2014-09-27 14:16:52',923,3);
INSERT INTO `user_work_zones` (`id`,`created_at`,`city_id`,`user_id`) VALUES (183,'2014-09-27 14:16:52',928,3);
INSERT INTO `user_work_zones` (`id`,`created_at`,`city_id`,`user_id`) VALUES (184,'2014-09-27 14:16:52',936,3);
INSERT INTO `user_work_zones` (`id`,`created_at`,`city_id`,`user_id`) VALUES (185,'2014-09-27 14:16:52',943,3);
INSERT INTO `user_work_zones` (`id`,`created_at`,`city_id`,`user_id`) VALUES (186,'2014-09-27 14:16:52',998,3);
INSERT INTO `user_work_zones` (`id`,`created_at`,`city_id`,`user_id`) VALUES (187,'2014-09-27 14:16:52',1003,3);
INSERT INTO `user_work_zones` (`id`,`created_at`,`city_id`,`user_id`) VALUES (188,'2014-09-27 14:16:52',1001,3);
INSERT INTO `user_work_zones` (`id`,`created_at`,`city_id`,`user_id`) VALUES (189,'2014-09-27 14:16:52',1002,3);
INSERT INTO `user_work_zones` (`id`,`created_at`,`city_id`,`user_id`) VALUES (190,'2014-09-27 14:16:52',1004,3);
INSERT INTO `user_work_zones` (`id`,`created_at`,`city_id`,`user_id`) VALUES (191,'2014-09-27 14:16:52',1005,3);
INSERT INTO `user_work_zones` (`id`,`created_at`,`city_id`,`user_id`) VALUES (192,'2014-09-27 14:16:52',1006,3);
INSERT INTO `user_work_zones` (`id`,`created_at`,`city_id`,`user_id`) VALUES (193,'2014-09-27 14:16:52',1007,3);
INSERT INTO `user_work_zones` (`id`,`created_at`,`city_id`,`user_id`) VALUES (194,'2014-09-27 14:16:52',1008,3);
INSERT INTO `user_work_zones` (`id`,`created_at`,`city_id`,`user_id`) VALUES (195,'2014-09-27 14:16:52',1009,3);
INSERT INTO `user_work_zones` (`id`,`created_at`,`city_id`,`user_id`) VALUES (196,'2014-09-27 14:16:52',1010,3);
INSERT INTO `user_work_zones` (`id`,`created_at`,`city_id`,`user_id`) VALUES (197,'2014-09-27 14:16:52',1011,3);
INSERT INTO `user_work_zones` (`id`,`created_at`,`city_id`,`user_id`) VALUES (198,'2014-09-27 14:16:52',1012,3);
INSERT INTO `user_work_zones` (`id`,`created_at`,`city_id`,`user_id`) VALUES (199,'2014-09-27 14:16:52',1013,3);
INSERT INTO `user_work_zones` (`id`,`created_at`,`city_id`,`user_id`) VALUES (200,'2014-09-27 14:16:52',1014,3);
INSERT INTO `user_work_zones` (`id`,`created_at`,`city_id`,`user_id`) VALUES (201,'2014-09-27 14:16:52',1015,3);
INSERT INTO `user_work_zones` (`id`,`created_at`,`city_id`,`user_id`) VALUES (202,'2014-09-27 14:16:52',1016,3);
INSERT INTO `user_work_zones` (`id`,`created_at`,`city_id`,`user_id`) VALUES (203,'2014-09-27 14:16:52',1017,3);
INSERT INTO `user_work_zones` (`id`,`created_at`,`city_id`,`user_id`) VALUES (204,'2014-09-27 14:16:52',1018,3);
INSERT INTO `user_work_zones` (`id`,`created_at`,`city_id`,`user_id`) VALUES (205,'2014-09-27 14:16:52',1019,3);
INSERT INTO `user_work_zones` (`id`,`created_at`,`city_id`,`user_id`) VALUES (206,'2014-09-27 14:16:52',1020,3);
INSERT INTO `user_work_zones` (`id`,`created_at`,`city_id`,`user_id`) VALUES (207,'2014-09-27 14:16:52',1021,3);
INSERT INTO `user_work_zones` (`id`,`created_at`,`city_id`,`user_id`) VALUES (208,'2014-09-27 14:16:52',1022,3);
INSERT INTO `user_work_zones` (`id`,`created_at`,`city_id`,`user_id`) VALUES (209,'2014-09-27 14:16:52',1023,3);
INSERT INTO `user_work_zones` (`id`,`created_at`,`city_id`,`user_id`) VALUES (210,'2014-09-27 14:16:52',1024,3);
INSERT INTO `user_work_zones` (`id`,`created_at`,`city_id`,`user_id`) VALUES (211,'2014-09-27 14:16:52',1025,3);
INSERT INTO `user_work_zones` (`id`,`created_at`,`city_id`,`user_id`) VALUES (212,'2014-09-27 14:16:52',1026,3);
INSERT INTO `user_work_zones` (`id`,`created_at`,`city_id`,`user_id`) VALUES (213,'2014-09-27 14:16:52',1027,3);
INSERT INTO `user_work_zones` (`id`,`created_at`,`city_id`,`user_id`) VALUES (214,'2014-09-27 14:16:52',1028,3);
INSERT INTO `user_work_zones` (`id`,`created_at`,`city_id`,`user_id`) VALUES (215,'2014-09-27 14:16:52',1029,3);
INSERT INTO `user_work_zones` (`id`,`created_at`,`city_id`,`user_id`) VALUES (216,'2014-09-27 14:16:52',1030,3);
INSERT INTO `user_work_zones` (`id`,`created_at`,`city_id`,`user_id`) VALUES (217,'2014-09-27 14:16:52',1031,3);
INSERT INTO `user_work_zones` (`id`,`created_at`,`city_id`,`user_id`) VALUES (218,'2014-09-27 14:16:52',1032,3);
INSERT INTO `user_work_zones` (`id`,`created_at`,`city_id`,`user_id`) VALUES (219,'2014-09-27 14:16:52',1033,3);
INSERT INTO `user_work_zones` (`id`,`created_at`,`city_id`,`user_id`) VALUES (220,'2014-09-27 14:16:52',1034,3);
INSERT INTO `user_work_zones` (`id`,`created_at`,`city_id`,`user_id`) VALUES (221,'2014-09-27 14:16:52',1035,3);
INSERT INTO `user_work_zones` (`id`,`created_at`,`city_id`,`user_id`) VALUES (222,'2014-09-27 14:16:52',1036,3);
INSERT INTO `user_work_zones` (`id`,`created_at`,`city_id`,`user_id`) VALUES (223,'2014-09-27 14:16:52',1037,3);
INSERT INTO `user_work_zones` (`id`,`created_at`,`city_id`,`user_id`) VALUES (224,'2014-09-27 14:16:52',1038,3);
INSERT INTO `user_work_zones` (`id`,`created_at`,`city_id`,`user_id`) VALUES (225,'2014-09-27 14:16:52',1040,3);
INSERT INTO `user_work_zones` (`id`,`created_at`,`city_id`,`user_id`) VALUES (226,'2014-09-27 14:16:52',1041,3);
INSERT INTO `user_work_zones` (`id`,`created_at`,`city_id`,`user_id`) VALUES (227,'2014-09-27 14:16:52',1039,3);
INSERT INTO `user_work_zones` (`id`,`created_at`,`city_id`,`user_id`) VALUES (228,'2014-09-27 14:16:52',1042,3);
INSERT INTO `user_work_zones` (`id`,`created_at`,`city_id`,`user_id`) VALUES (229,'2014-09-27 14:16:52',1043,3);
INSERT INTO `user_work_zones` (`id`,`created_at`,`city_id`,`user_id`) VALUES (230,'2014-09-27 14:16:52',1044,3);
INSERT INTO `user_work_zones` (`id`,`created_at`,`city_id`,`user_id`) VALUES (231,'2014-09-27 14:16:52',1045,3);
INSERT INTO `user_work_zones` (`id`,`created_at`,`city_id`,`user_id`) VALUES (232,'2014-09-27 14:16:52',1046,3);
INSERT INTO `user_work_zones` (`id`,`created_at`,`city_id`,`user_id`) VALUES (233,'2014-09-27 14:16:52',1047,3);
INSERT INTO `user_work_zones` (`id`,`created_at`,`city_id`,`user_id`) VALUES (234,'2014-09-27 14:16:52',1048,3);



INSERT INTO `orders` (`id`,`air_conditioner_power`,`created_at`,`pending_notify`,`square_meters`,`updated_at`,`work_date`,`work_date_type`,`work_description`,`city_id`,`state_id`,`user_id`,`work_area_id`,`status_type`) VALUES (2,NULL,'2014-09-25 17:32:24',0,NULL,'2014-09-26 12:29:00',NULL,'URGENT','Perdida con mucho olor',1,1,6,1,'FINISHED');
INSERT INTO `orders` (`id`,`air_conditioner_power`,`created_at`,`pending_notify`,`square_meters`,`updated_at`,`work_date`,`work_date_type`,`work_description`,`city_id`,`state_id`,`user_id`,`work_area_id`,`status_type`) VALUES (3,NULL,'2014-09-25 17:32:51',0,NULL,'2014-09-25 17:32:56',NULL,'FLEXIBLE','No prende',1,1,6,10,'IN_PROGRESS');
INSERT INTO `orders` (`id`,`air_conditioner_power`,`created_at`,`pending_notify`,`square_meters`,`updated_at`,`work_date`,`work_date_type`,`work_description`,`city_id`,`state_id`,`user_id`,`work_area_id`,`status_type`) VALUES (4,NULL,'2014-09-26 12:57:54',0,40.00,'2014-09-26 12:57:58',NULL,'FLEXIBLE','lalala',1,1,6,2,'IN_PROGRESS');

INSERT INTO `order_items` (`id`,`value`,`order_id`,`work_area_item_id`) VALUES (3,NULL,2,12);
INSERT INTO `order_items` (`id`,`value`,`order_id`,`work_area_item_id`) VALUES (4,NULL,2,1);
INSERT INTO `order_items` (`id`,`value`,`order_id`,`work_area_item_id`) VALUES (5,NULL,2,6);
INSERT INTO `order_items` (`id`,`value`,`order_id`,`work_area_item_id`) VALUES (6,NULL,2,9);
INSERT INTO `order_items` (`id`,`value`,`order_id`,`work_area_item_id`) VALUES (7,NULL,3,94);
INSERT INTO `order_items` (`id`,`value`,`order_id`,`work_area_item_id`) VALUES (8,NULL,3,97);
INSERT INTO `order_items` (`id`,`value`,`order_id`,`work_area_item_id`) VALUES (9,NULL,4,21);
INSERT INTO `order_items` (`id`,`value`,`order_id`,`work_area_item_id`) VALUES (10,NULL,4,14);

INSERT INTO `quotes` (`id`,`amount`,`created_at`,`description`,`require_visit`,`status_type`,`updated_at`,`valid_date_until`,`currency_id`,`order_id`,`user_id`) VALUES (1,1000.00,'2014-09-25 17:32:26','',0,'CANCELLED','2014-09-26 12:29:30','2016-01-01 00:00:00',2,2,3);
INSERT INTO `quotes` (`id`,`amount`,`created_at`,`description`,`require_visit`,`status_type`,`updated_at`,`valid_date_until`,`currency_id`,`order_id`,`user_id`) VALUES (2,300.00,'2014-09-25 17:32:26','',0,'DONE','2014-09-25 17:47:09','2015-01-01 00:00:00',2,2,4);
INSERT INTO `quotes` (`id`,`amount`,`created_at`,`description`,`require_visit`,`status_type`,`updated_at`,`valid_date_until`,`currency_id`,`order_id`,`user_id`) VALUES (3,700.00,'2014-09-25 17:32:26','',0,'CANCELLED','2014-09-26 12:29:30','2014-09-24 00:00:00',2,2,5);
INSERT INTO `quotes` (`id`,`amount`,`created_at`,`description`,`require_visit`,`status_type`,`updated_at`,`valid_date_until`,`currency_id`,`order_id`,`user_id`) VALUES (4,50.00,'2014-09-25 17:32:56','',1,'REPLIED','2014-09-25 17:43:38',NULL,2,3,3);
INSERT INTO `quotes` (`id`,`amount`,`created_at`,`description`,`require_visit`,`status_type`,`updated_at`,`valid_date_until`,`currency_id`,`order_id`,`user_id`) VALUES (5,100.00,'2014-09-25 17:32:56','',1,'REPLIED','2014-09-25 17:47:23',NULL,2,3,4);
INSERT INTO `quotes` (`id`,`amount`,`created_at`,`description`,`require_visit`,`status_type`,`updated_at`,`valid_date_until`,`currency_id`,`order_id`,`user_id`) VALUES (6,300.00,'2014-09-25 17:32:56','',1,'REPLIED','2014-09-25 17:57:06',NULL,2,3,5);
INSERT INTO `quotes` (`id`,`amount`,`created_at`,`description`,`require_visit`,`status_type`,`updated_at`,`valid_date_until`,`currency_id`,`order_id`,`user_id`) VALUES (7,NULL,'2014-09-26 12:57:58',NULL,NULL,'PENDING','2014-09-26 12:57:58',NULL,NULL,4,3);
INSERT INTO `quotes` (`id`,`amount`,`created_at`,`description`,`require_visit`,`status_type`,`updated_at`,`valid_date_until`,`currency_id`,`order_id`,`user_id`) VALUES (8,NULL,'2014-09-26 12:57:58',NULL,NULL,'PENDING','2014-09-26 12:57:58',NULL,NULL,4,4);
INSERT INTO `quotes` (`id`,`amount`,`created_at`,`description`,`require_visit`,`status_type`,`updated_at`,`valid_date_until`,`currency_id`,`order_id`,`user_id`) VALUES (9,NULL,'2014-09-26 12:57:58',NULL,NULL,'PENDING','2014-09-26 12:57:58',NULL,NULL,4,5);

INSERT INTO `user_work_rates` (`id`,`comment`,`created_at`,`rating_type`,`status_type`,`updated_at`,`work_completed`,`quote_id`,`user_id`,`summarized`) VALUES (1,'noooo','2014-09-26 12:27:50','POSITIVE','DONE','2014-09-26 12:29:00',1,1,6,0);